Repo,Owner,Z,T_X_n,Percentile_95,MeanInterval(days),SDInterval,Label,TimeSinceLastCommit(days),Status,Last_Commit_Date
linux-insides,0xAX,9252379.0,5226272.0,7554093.6,13.69431872605364,2589807.007823152,alive,60.489259259259256,False,2023-09-01T12:15:28Z
Kuai-Shua-Questions,350306878,64032394.0,4638526.0,39589406.599999964,59.17990301724137,15111065.19143117,alive,53.686643518518515,False,2023-09-08T07:31:14Z
jQuery,aamirafridi,64920542.0,25886232.0,38042486.59999989,64.75274265644956,15752845.558936993,alive,299.6091666666667,False,2013-01-08T15:37:50Z
lottie-android,airbnb,4840517.0,157247.0,2112090.999999998,5.897906689016603,1027027.6527387776,alive,1.819988425925926,True,2024-03-04T03:38:42Z
qemu_blog,airbus-seclab,24165616.0,13280964.0,21690479.699999996,51.195906635802466,8593245.095558127,alive,153.7148611111111,False,2023-11-03T11:07:43Z
vux,airyland,25317099.0,11114467.0,13818460.199999986,25.340280172413795,5623290.430882758,alive,128.63966435185185,False,2023-06-25T08:40:50Z
awesome-java,akullpp,8377543.0,303519.0,6622213.999999993,9.345566331417626,2219837.863690482,alive,3.512951388888889,True,2024-02-24T10:06:36Z
Alamofire,Alamofire,2999427.0,447125.0,2151970.599999998,5.904027378671775,809944.2525039469,alive,5.17505787037037,True,2024-03-04T02:17:59Z
QSimpleUpdater,alex-spataru,22821404.0,1578615.0,19527508.799999993,56.11769436462324,6551253.024622886,alive,18.271006944444444,True,2024-03-15T17:47:39Z
skill-sample-nodejs-quiz-game,alexa-samples,82848861.0,17023593.0,19585149.199999977,57.62384418901661,15861198.246063381,alive,197.0323263888889,False,2023-04-17T23:13:27Z
test-repo,Alexander-MacDonald,2495195.0,31.0,2000579.9999999995,5.829761574074074,1113324.1982002817,alive,0.0003587962962962963,False,2023-11-07T19:47:32Z
weex,alibaba,28443086.0,6008546.0,15587101.999999994,35.76477051404853,6333089.531172145,alive,69.54335648148148,False,2023-08-23T10:57:34Z
org-ql,alphapapa,1464688.0,574159.0,585480.9999999992,1.6031653097062581,303756.92319736525,alive,6.645358796296296,True,2024-02-22T02:00:39Z
quickbox-lite,amefs,5599191.0,465959.0,4154436.799999997,10.645938697318007,1519890.1944633874,alive,5.3930439814814815,verify,2024-01-12T09:01:11Z
android-interview-questions,amitshekhariitbhu,8710656.0,2542025.0,4056390.399999997,10.459485552362707,1842919.2869997935,alive,29.42158564814815,True,2024-03-06T05:07:41Z
ui-router,angular-ui,43337578.0,16983684.0,22202169.799999963,34.567375878033204,9657419.727381073,alive,196.57041666666666,False,2023-04-18T10:18:36Z
angular-starter,AngularClass,52215104.0,2083609.0,20565065.799999993,70.39400143678161,11241414.477746682,alive,24.115844907407407,False,2023-10-07T21:13:11Z
material2,angular,241162.0,22104.0,140172.19999999984,0.4329545817369093,54282.524457624575,alive,0.25583333333333336,True,2024-03-15T17:24:43Z
ApiV2-GraphQL-Docs,AniList,31726519.0,23505340.0,26169608.199999996,61.403774345466154,9112428.34152602,alive,272.05254629629627,False,2023-02-01T22:44:20Z
redis,antirez,249753.0,34794.0,215432.19999999995,0.9015760696040869,74979.2350292823,alive,0.40270833333333333,True,2024-03-13T15:02:00Z
InterviewQuestions,anujdevopslearn,9555506.0,2143736.0,5847149.599999994,18.81402498403576,2298577.3411882813,alive,24.811759259259258,False,2023-10-07T04:31:04Z
qpid-proton,apache,2538225.0,83306.0,1625810.7999999982,4.289320721583652,596109.248407724,alive,0.9641898148148148,True,2024-02-26T18:13:55Z
classroom-queries-debug-v1,appdev-projects,80982283.0,7788514.0,63331023.0,183.00810570987656,32172694.815201297,alive,90.14483796296297,False,2023-11-07T22:59:52Z
msm-queries-v1,appdev-projects,50573372.0,7788500.0,34494914.39999998,82.89910108024691,16632941.723442946,alive,90.14467592592592,False,2023-11-07T23:00:40Z
refactoring-msm-queries-1-v1,appdev-projects,43922103.0,7788457.0,25891383.999999974,93.80357947530864,11075441.765885584,alive,90.14417824074074,False,2023-11-07T23:01:56Z
refactoring-msm-queries-2,appdev-projects,19391200.0,7788453.0,17567877.799999997,72.86479398148148,6069351.547970404,alive,90.14413194444444,False,2023-11-07T23:02:01Z
swift-evolution,apple,294962.0,5770.0,245111.99999999994,0.7593259099616858,83987.6443985556,alive,0.0667824074074074,True,2024-03-14T03:19:15Z
git-quick-stats,arzzen,23070138.0,632820.0,13087406.399999993,30.634506704980843,5349455.999348583,alive,7.324305555555555,verify,2024-01-10T07:13:40Z
ava,avajs,2497067.0,734588.0,2092895.5999999985,4.2702430555555555,718246.3071325681,alive,8.502175925925926,True,2024-02-28T20:54:32Z
awesome-go,avelino,706038.0,70596.0,396498.3999999995,0.9754761334610472,163021.33675791472,alive,0.8170833333333334,True,2024-03-15T15:52:57Z
quickstart-aws-vpc,aws-quickstart,35097047.0,71664.0,1321692.9999999967,15.181061621966796,6507949.918301642,alive,0.8294444444444444,False,2023-10-31T04:05:36Z
quickstart-linux-bastion,aws-quickstart,15988724.0,71662.0,4216150.59999999,10.117648068326947,3129404.6764849857,alive,0.8294212962962964,False,2023-10-31T04:05:38Z
qnabot-on-aws,aws-solutions,4674978.0,622597.0,3564347.799999996,6.44889527458493,1214394.7975248115,alive,7.205983796296296,verify,2024-01-04T16:40:41Z
s2n-quic,aws,571896.0,446362.0,505524.8,1.6580795019157089,177209.68828217746,alive,5.166226851851852,True,2024-03-14T14:14:50Z
azure-search-openai-demo,Azure-Samples,252798.0,69694.0,218298.7999999998,0.635882024265645,67798.210069809,alive,0.8066435185185186,True,2024-03-15T17:55:34Z
cognitive-services-quickstart-code,Azure-Samples,5114766.0,3722082.0,3748383.1999999993,7.693284243295019,1402781.4507569713,alive,43.07965277777778,verify,2024-02-14T15:43:45Z
msdocs-python-django-webapp-quickstart,Azure-Samples,18399717.0,2862544.0,11418718.39999999,21.112904693486588,4386826.197711014,alive,33.1312962962963,verify,2024-01-08T16:07:39Z
BaconQrCode,Bacon,23497890.0,4863406.0,14939172.199999958,20.094517480842914,5955802.222152254,alive,56.2894212962963,True,2024-03-05T16:15:33Z
sails,balderdashy,7858529.0,5193200.0,6531652.199999998,18.339153895274585,2262355.4792422233,alive,60.10648148148148,True,2024-03-15T15:42:52Z
QtScrcpy,barry-ran,18710904.0,800649.0,6924920.399999983,14.849810823754789,3868813.128008495,alive,9.266770833333334,True,2024-02-25T09:56:37Z
trix,basecamp,2509081.0,738836.0,1219295.1999999993,3.9682822477650066,553911.7588537595,alive,8.551342592592592,True,2024-02-21T10:29:38Z
ruby-style-guide,bbatsov,7622295.0,244256.0,6401187.799999997,18.951200510855685,2289483.536258293,alive,2.8270370370370372,verify,2024-01-13T10:43:31Z
frontend-interview-questions,bcherny,119649978.0,24520818.0,33901469.299999975,89.15504126409019,25715154.718118846,alive,283.80576388888886,False,2023-01-21T04:39:42Z
bee-queue,bee-queue,12190089.0,165719.0,238857.59999999945,5.053212803320562,2261436.0771818757,alive,1.9180439814814816,True,2024-03-13T00:39:14Z
postgrest,begriffs,524360.0,92248.0,287655.7999999999,1.213496567688378,114822.19700424554,alive,1.0676851851851852,True,2024-03-15T16:53:29Z
jQuery-Touch-Events,benmajor,75068779.0,18028971.0,30372433.999999955,61.44091075989783,15558906.413024781,alive,208.66864583333333,False,2023-04-06T07:57:09Z
Hunting-Queries-Detection-Rules,Bert-JanP,429843.0,110688.0,411654.3999999999,1.134835169220945,126382.19349617233,alive,1.281111111111111,True,2024-03-12T20:58:23Z
laravel-query-detector,beyondcode,19943864.0,4010038.0,16304465.799999986,44.45507942209451,5649121.863628475,alive,46.41247685185185,False,2023-12-01T20:42:12Z
vue-qr,Binaryify,43397564.0,1979129.0,6546610.79999999,25.29228647828863,8118257.504527688,alive,22.90658564814815,False,2023-10-09T02:14:31Z
SmtpClient-for-Qt,bluetiger9,154370986.0,2873823.0,12391644.599999994,79.65946280332057,28549992.086949352,alive,33.26184027777778,verify,2024-01-09T11:35:39Z
frontend-guidelines-questionnaire,bradfrost,137909864.0,11256353.0,54543018.39999983,93.7912196679438,29694350.534243308,alive,130.28186342592593,False,2023-06-23T17:14:07Z
qwik,BuilderIO,279449.0,2179.0,175486.39999999994,0.4229912994891444,67714.51102743583,alive,0.025219907407407406,True,2024-03-15T08:00:58Z
quickcheck,BurntSushi,74145620.0,1851215.0,20393236.99999997,47.18940812579821,14448533.322721178,alive,21.426099537037036,False,2023-10-10T13:46:25Z
c3,c3js,13760692.0,647300.0,12873973.799999997,42.23608516922094,4481324.730081263,alive,7.491898148148148,verify,2024-01-12T05:17:33Z
Cachet,CachetHQ,74463215.0,387203.0,1285894.1999999995,32.385013170498084,13789507.47239032,alive,4.481516203703704,True,2024-03-11T11:20:20Z
You-Dont-Need-jQuery,camsong,35643690.0,17439737.0,22494248.2,44.581914511494254,8383091.767229523,alive,201.84880787037036,False,2023-04-13T03:37:43Z
capistrano,capistrano,11641163.0,1205589.0,8684522.799999993,22.316441570881228,2925842.789888321,alive,13.953576388888889,True,2024-03-10T19:19:21Z
carrierwave,carrierwaveuploader,1866374.0,172304.0,988968.999999999,2.5320977011494255,411428.32154681877,alive,1.9942592592592592,True,2024-03-02T05:20:25Z
Carthage,Carthage,16430953.0,3741399.0,11792523.999999993,29.78441211685824,4298464.856190051,alive,43.30322916666667,False,2023-09-18T16:43:21Z
certbot,certbot,398218.0,1904.0,265413.3999999999,0.7376883780332056,99018.81430743226,alive,0.022037037037037036,verify,2024-02-08T21:31:36Z
Chart,chartjs,3968782.0,126710.0,1236624.599999999,4.787929837164751,777896.989945452,alive,1.466550925925926,Error,
cheerio,cheeriojs,261610.0,72647.0,250111.39999999994,0.6551181353767561,81879.21672124274,alive,0.8408217592592593,True,2024-03-14T03:49:29Z
Ros_Qt5_Gui_App,chengyangkj,2615620.0,116873.0,1078791.1999999993,3.259295977011494,533327.113618574,alive,1.3526967592592594,True,2024-03-14T14:54:21Z
QrCodeScan,chentao0707,193643383.0,90865192.0,109651729.8999998,241.07412615740742,60760157.69023333,alive,1051.680462962963,False,2020-12-14T07:40:08Z
marked,chjj,512907.0,79054.0,236426.79999999996,0.7371607598978288,115936.11416764453,alive,0.9149768518518518,True,2024-03-11T22:34:34Z
qrbtf,ciaochaos,29113012.0,11381340.0,17078510.39999996,28.1073279853129,6923453.929902797,alive,131.72847222222222,True,2024-03-11T18:08:33Z
QAuxiliary,cinit,312254.0,251094.0,263305.99999999977,0.6790385536398468,89407.89600873829,alive,2.9061805555555558,True,2024-03-15T14:27:28Z
Q2TG,Clansty,5113288.0,1250489.0,3332487.599999994,7.170686462324394,1255925.9278912256,alive,14.473252314814815,True,2024-02-29T19:47:04Z
qrcp,claudiodangelis,19363138.0,16036446.0,16770443.599999994,25.508483796296296,5456407.931593078,alive,185.6070138888889,verify,2024-02-03T14:02:53Z
quiche,cloudflare,1997273.0,25721.0,822452.5999999988,2.422723898467433,418001.28862372076,alive,0.29769675925925926,True,2024-03-12T17:07:22Z
cmder,cmderdev,2081788.0,572235.0,1396088.1999999995,3.66654374201788,557733.330108729,alive,6.623090277777778,verify,2024-02-06T19:43:29Z
QuickQanava,cneben,5315723.0,197755.0,3689860.399999992,5.687714719029374,1370004.2646021368,alive,2.2888310185185183,True,2024-02-21T15:03:33Z
qikqiak,cnych,20818278.0,8684734.0,9224813.799999997,35.624870689655175,4492384.720427758,alive,100.51775462962964,Error,
CocoaLumberjack,CocoaLumberjack,1475512.0,56051.0,1080483.7999999998,2.6914866698595143,401777.4310469476,alive,0.6487384259259259,True,2024-03-08T07:19:06Z
CocoaPods,CocoaPods,1114581.0,426669.0,756798.3999999993,1.1777941411238826,275931.3251863738,alive,4.938298611111111,verify,2024-02-06T18:13:58Z
CodeMirror,codemirror,5466986.0,401148.0,3262453.1999999983,11.101699393358876,1202412.2346828203,alive,4.642916666666666,True,2024-02-29T06:17:45Z
quote-server,CodeYourFuture,50049283.0,7741268.0,11955147.199999977,34.85480723180077,9614884.720143244,alive,89.59800925925926,False,2023-08-03T09:38:52Z
QDarkStyleSheet,ColinDuquesnoy,21398204.0,535375.0,6332814.799999997,17.169888250319286,4217129.509032506,alive,6.196469907407407,False,2023-11-28T19:48:19Z
composer,composer,771869.0,397381.0,538775.5999999996,1.0649720625798211,201412.28516537152,alive,4.59931712962963,True,2024-03-15T14:08:50Z
quickfixn,connamara,7933784.0,434253.0,5932152.399999998,10.17125957854406,2114659.1508218306,alive,5.026076388888889,True,2024-02-23T22:51:49Z
quickbooks-php,consolibyte,47952982.0,591882.0,32080736.59999992,49.04527697956578,12192556.27806209,alive,6.8504861111111115,False,2023-11-07T16:17:04Z
nvm,creationix,2988642.0,523248.0,2292014.599999999,6.441072397828863,778815.2950146358,alive,6.056111111111111,True,2024-03-09T06:28:53Z
Quantumult-X,crossutility,30821379.0,7577556.0,9654870.599999988,31.94037396232439,5992954.157384511,alive,87.70319444444445,verify,2024-01-15T03:30:47Z
q,cycfi,3340101.0,841999.0,1348154.9999999995,4.593482199872286,717546.8853619912,alive,9.745358796296296,False,2023-10-22T06:06:41Z
BaseRecyclerViewAdapterHelper,CymChad,6048105.0,139260.0,2702099.7999999947,5.278392001915709,1293008.0656962534,alive,1.6118055555555555,verify,2024-01-04T09:33:37Z
Q-calculator,CyrilFeng,8260277.0,990853.0,4913794.199999999,12.381135855683269,2017415.1977856953,alive,11.468206018518519,verify,2024-01-15T03:14:00Z
d3,d3,3532001.0,119815.0,2221353.199999996,4.585157247765006,836745.1408542388,alive,1.3867476851851852,True,2024-03-12T22:14:50Z
awesome-question-answering,dapurv5,101776542.0,19714069.0,28400028.99999999,79.5335308908046,19713687.001660686,alive,228.1720949074074,False,2023-03-17T19:52:11Z
query-json,davesnx,45857370.0,1889613.0,3349267.999999992,20.97114224137931,8519824.008080479,alive,21.870520833333334,True,2024-03-11T10:47:37Z
QuantumultX-Rewrite,deezertidal,14411.0,4567.0,14407.8,0.09483556832694763,2510.7200927694935,alive,0.0528587962962963,True,2024-03-15T18:47:18Z
awesome-quantum-computing,desireevl,20881708.0,6987446.0,11361468.799999984,22.745669699872288,4690041.31535065,alive,80.8732175925926,False,2023-08-12T03:02:34Z
jQuery-Autocomplete,devbridge,85441278.0,1811323.0,19578160.19999999,67.56782966155811,16372397.518003821,alive,20.964386574074073,False,2023-10-11T00:51:17Z
preact,developit,677785.0,13288.0,430827.99999999953,1.0507068167305238,165506.1338392739,alive,0.1537962962962963,True,2024-03-02T09:05:57Z
go-qemu,digitalocean,30916450.0,9704224.0,17289002.2,39.27792943805875,7191108.541735836,alive,112.3174074074074,False,2023-07-11T16:22:56Z
QualityScaler,Djdefrag,3908646.0,318028.0,2979185.999999998,5.794857918263091,1041673.8688551743,alive,3.68087962962963,True,2024-03-08T13:21:54Z
open-source-ios-apps,dkhamsing,175118.0,32948.0,147046.39999999988,0.4521036877394636,55147.07331611092,alive,0.38134259259259257,True,2024-03-14T12:19:51Z
xgboost,dmlc,237401.0,10141.0,170428.4,0.6042149584929757,61355.07441761147,alive,0.11737268518518519,True,2024-03-15T10:43:49Z
compose,docker,218944.0,47358.0,119504.99999999993,0.45008700510855687,50171.86412410039,alive,0.548125,True,2024-03-15T12:02:46Z
dokku,dokku,131677.0,37782.0,108252.19999999992,0.29271431992337166,37213.716912892574,alive,0.4372916666666667,True,2024-03-13T03:24:14Z
Damn-Vulnerable-GraphQL-Application,dolevf,9496095.0,1376648.0,6041272.399999999,16.05128631864623,2472519.321021833,alive,15.933425925925926,verify,2024-01-14T01:59:03Z
go-quai,dominant-strategies,191111.0,105759.0,152314.39999999985,0.3318103448275862,49855.49976361488,alive,1.2240625,True,2024-03-05T22:03:43Z
DesignPatternsPHP,domnikl,9489445.0,2912165.0,5700580.399999999,15.035983397190293,2256845.680971967,alive,33.705613425925925,False,2023-09-28T07:03:55Z
nestjs-query,doug-martin,49571011.0,2014257.0,3454155.399999999,23.91125758301405,9184010.781149069,alive,23.313159722222224,False,2023-10-08T18:38:02Z
drone,drone,210887.0,25884.0,40043.39999999998,0.20252035440613028,39179.20963858179,alive,0.2995833333333333,True,2024-03-15T16:10:30Z
ProvisionQL,ealeksandrov,69471081.0,7465777.0,19116213.39999997,47.375598659003835,13589509.644840598,alive,86.40945601851851,verify,2024-02-11T16:31:58Z
queue,eapache,160867492.0,17922433.0,44288713.799999975,104.78848339719029,31251431.712689016,alive,207.43556712962962,False,2023-04-07T13:32:47Z
EasyNetQ,EasyNetQ,3232848.0,914105.0,1497524.1999999995,5.000382343550447,699056.5973820658,alive,10.579918981481482,True,2024-03-08T14:06:17Z
free-programming-books,EbookFoundation,75139.0,21919.0,41210.79999999994,0.06851013729246488,16952.820163400862,alive,0.2536921296296296,True,2024-03-14T15:31:05Z
Quake3e,ec-,946078.0,218170.0,776647.2,1.7262966954022987,265832.9238684762,alive,2.5251157407407407,True,2024-03-07T16:18:19Z
python-quickbooks,ej2,7955832.0,3583169.0,4946764.399999989,6.779247685185185,1943352.7803194737,alive,41.471863425925925,True,2024-03-12T20:42:14Z
logstash,elastic,414864.0,117333.0,247896.59999999983,0.689896232439336,92970.37706537143,alive,1.3580208333333332,True,2024-03-12T15:27:07Z
electron-quick-start,electron,2987198.0,722190.0,1826987.199999999,8.582208253512132,604804.1843712947,alive,8.358680555555555,True,2024-03-14T15:28:38Z
QuickApp,emonney,6736718.0,1167937.0,3453284.9999999953,7.254569763729246,1486514.4739033,alive,13.517789351851851,True,2024-02-17T23:19:16Z
awesome-react,enaqx,6663519.0,1088267.0,2414502.5999999987,6.303313777139208,1376318.1855482117,alive,12.59568287037037,verify,2024-02-03T08:24:43Z
qr-code,endroid,6897107.0,2336646.0,5524338.199999999,14.12457654853129,2017202.9026506606,alive,27.04451388888889,True,2024-03-08T11:24:40Z
neovim-qt,equalsraf,7559809.0,886303.0,3793417.5999999926,7.208688537675607,1665077.1658057536,alive,10.258136574074074,True,2024-03-03T20:42:45Z
material-theme,equinusocio,12124726.0,2101512.0,6706982.5999999875,10.688639846743294,2781005.7205056692,alive,24.323055555555555,True,2024-03-07T11:43:28Z
quagga2,ericblade,11614801.0,152876.0,3245870.1999999993,8.262181114303958,2249593.8468233007,alive,1.7693981481481482,verify,2023-12-18T17:22:17Z
jQuery,ermouth,57040809.0,14630326.0,54802623.0,101.41497445721585,16597283.450567197,alive,169.33247685185185,False,2018-06-21T05:09:29Z
eslint,eslint,262488.0,183259.0,193601.0,0.7071368135376757,74869.64254594868,alive,2.1210532407407405,True,2024-03-14T18:44:49Z
arcgis-maps-sdk-samples-qt,Esri,8128831.0,5459378.0,7749002.0,28.51457375478927,2598265.9770217775,alive,63.18724537037037,False,2023-12-07T00:21:14Z
statsd,etsy,42098348.0,6088061.0,16828852.39999999,40.23870170817369,8718287.254249308,alive,70.46366898148148,False,2023-08-22T12:52:19Z
quick-portfolio,evanca,49063064.0,6456087.0,43646462.59999999,125.45644943019943,17150381.45567355,alive,74.72322916666667,False,2023-08-18T06:38:33Z
qifi,evgeni,45127635.0,12723143.0,29967806.59999993,56.2433285440613,11291921.380851373,alive,147.25859953703704,False,2023-06-06T17:47:37Z
Quantumult_X,evilbutcher,69367895.0,7667426.0,13330585.799999954,37.102101293103445,13352206.504316194,alive,88.74335648148148,verify,2023-12-20T01:56:12Z
QuickLib,exilon,14427372.0,1866357.0,7984170.399999998,20.9142812100894,3414171.394855674,alive,21.601354166666667,True,2024-02-29T21:46:28Z
folly,facebook,300679.0,18795.0,167898.1999999997,0.41437300446998726,66390.93048810474,alive,0.21753472222222223,True,2024-03-15T15:58:11Z
fresco,facebook,322345.0,13637.0,227719.5999999999,0.9406158205619413,82469.94538591416,alive,0.15783564814814816,True,2024-03-14T22:48:59Z
jest,facebook,737236.0,62355.0,368168.1999999993,0.9922557471264368,158910.93189770193,alive,0.7217013888888889,True,2024-03-11T07:35:28Z
react,facebook,244178.0,8204.0,150640.19999999984,0.4770130906768838,56739.69916641323,alive,0.0949537037037037,True,2024-03-15T18:02:46Z
relay,facebook,271761.0,17507.0,137406.9999999998,0.4073168103448276,60076.752576581435,alive,0.2026273148148148,True,2024-03-15T17:33:20Z
rocksdb,facebook,244351.0,2784.0,170750.99999999997,0.45323315772669226,60077.6820947417,alive,0.03222222222222222,True,2024-03-15T18:43:28Z
yoga,facebook,435006.0,94035.0,359596.6,0.8301748084291187,129104.94419085828,alive,1.0883680555555555,True,2024-03-15T08:52:20Z
keras,fchollet,168016.0,12414.0,98859.19999999998,0.34913513729246487,40791.369193824525,alive,0.14368055555555556,True,2024-03-15T15:53:05Z
feathers,feathersjs,1376037.0,202095.0,1292026.2,2.817255348020434,422309.23596076603,alive,2.3390625,True,2024-03-13T17:21:50Z
qtkaifajingyan,feiyangqingyun,7791117.0,687133.0,4461921.199999999,14.757763010855685,1732759.302675152,alive,7.952928240740741,True,2024-03-09T02:12:24Z
QWidgetDemo,feiyangqingyun,8312621.0,408514.0,4548151.399999996,16.316217672413792,1852132.9550585027,alive,4.7281712962962965,True,2024-03-09T02:12:51Z
Qt,fengfanchen,27378655.0,12093526.0,13679594.19999998,39.40655651340996,5937372.533840547,alive,139.97136574074074,False,2023-06-14T00:41:14Z
awesome-cpp,fffaraz,617476.0,251355.0,423621.3999999999,1.338993454661558,146586.4117061729,alive,2.909201388888889,True,2024-03-13T10:20:17Z
quickstart-android,firebase,1855322.0,2299.0,1589190.0,6.496455140485312,520786.544097682,alive,0.026608796296296297,True,2024-03-07T23:53:56Z
quickstart-ios,firebase,2234943.0,8230.0,1093444.7999999998,4.556544141123882,502427.88263807556,alive,0.09525462962962963,True,2024-03-12T01:58:19Z
quickstart-java,firebase,50583959.0,10635097.0,45285614.99999998,67.65179278416348,14261225.892325372,alive,123.09140046296297,False,2023-06-30T21:48:23Z
quickstart-js,firebase,1849656.0,43453.0,607980.1999999997,1.7619193007662834,371079.9234030193,alive,0.5029282407407407,verify,2024-01-19T21:16:33Z
quickstart-unity,firebase,21203496.0,4763361.0,16059121.799999978,32.27791706577267,5567908.893887622,alive,55.13149305555555,verify,2024-01-23T22:39:19Z
qFlipper,flipperdevices,12320881.0,254017.0,3297723.9999999995,9.710547972541507,2371531.579019035,alive,2.940011574074074,verify,2024-01-10T16:01:40Z
GitQlient,francescmm,7691894.0,21423.0,2046740.5999999996,5.727308429118774,1489811.9776844946,alive,0.2479513888888889,False,2023-11-18T15:09:51Z
ungit,FredrikNoren,6816697.0,910690.0,4321596.599999997,14.065118534482759,1629604.5807609423,alive,10.540393518518519,True,2024-02-18T19:31:25Z
Developer_Quiz_Site,freeCodeCamp,66937.0,12185.0,61860.8,0.19186462324393358,22668.31328299614,alive,0.14103009259259258,True,2024-03-13T02:34:40Z
fullcalendar,fullcalendar,4823254.0,1350897.0,2837034.5999999964,5.532302442528736,1137633.036146289,alive,15.635381944444445,True,2024-02-20T16:43:21Z
redux-devtools,gaearon,2352381.0,330691.0,513440.39999999985,2.03740940293742,448716.43949508667,alive,3.8274421296296297,True,2024-03-15T01:50:19Z
QtAwesome,gamecreature,9448334.0,2013168.0,3903218.5999999987,11.096774026181354,2008489.8736852182,alive,23.300555555555555,verify,2023-12-16T07:11:34Z
grav,getgrav,3559149.0,320512.0,2541914.5999999978,3.503047972541507,896622.7740758363,alive,3.70962962962963,True,2024-03-06T21:53:53Z
You-Dont-Know-JS,getify,11931844.0,2756559.0,9263725.79999999,13.857629310344828,3126646.7994487328,alive,31.904618055555556,verify,2023-12-26T20:46:57Z
pelican,getpelican,75650.0,29352.0,53633.99999999996,0.09694963282247765,18507.77151358355,alive,0.3397222222222222,True,2024-03-12T11:18:11Z
redash,getredash,348341.0,29239.0,251659.19999999998,0.8145937100893998,87928.53401864202,alive,0.33841435185185187,True,2024-03-14T23:00:19Z
jQRangeSlider,ghusse,131928742.0,1046236.0,72879201.7999998,110.03608317369093,31213854.948446505,alive,12.109212962962962,False,2023-10-19T21:22:44Z
gin,gin-gonic,5187967.0,2997769.0,3504437.599999993,7.621492656449553,1285035.9227542875,alive,34.69640046296296,True,2024-03-14T03:22:54Z
gitbook,GitbookIO,130439855.0,21061791.0,24596143.59999999,83.74542784163474,24595441.079846732,alive,243.77072916666665,False,2023-03-02T05:30:09Z
hub,github,20779459.0,2373633.0,17279439.4,35.74925127713921,5906971.682589832,alive,27.472604166666667,False,2023-10-04T12:39:27Z
quicktype,glideapps,2165107.0,1256213.0,1408317.3999999994,3.747339958492976,561332.7672194904,alive,14.539502314814815,True,2024-03-09T14:08:28Z
gogs,gogits,1097902.0,166900.0,782187.6,3.9299137931034482,352064.4184640064,alive,1.931712962962963,True,2024-03-14T02:03:02Z
hugo,gohugoio,67592.0,26371.0,59620.19999999998,0.14960169220945083,20615.7889085686,alive,0.3052199074074074,True,2024-03-15T16:26:45Z
gs-quant,goldmansachs,1642316.0,573912.0,1570962.0,6.509768518518518,541883.4813788056,alive,6.6425,True,2024-03-13T09:01:46Z
gollum,gollum,2531469.0,113402.0,1516920.5999999994,4.66663912835249,636011.1280455833,alive,1.312523148148148,verify,2024-01-31T15:29:45Z
quicklink,GoogleChromeLabs,4964839.0,16834.0,2676081.999999999,6.602441331417625,1172297.8980362192,alive,0.19483796296296296,True,2024-02-21T04:34:07Z
lighthouse,GoogleChrome,523492.0,343493.0,389926.9999999998,0.8679350255427841,135374.68006017257,alive,3.975613425925926,True,2024-03-14T22:45:49Z
quickdraw-dataset,googlecreativelab,23151062.0,20594651.0,21909989.599999994,48.41539192209451,7180351.464724241,alive,238.3640162037037,False,2023-03-07T15:15:49Z
quilkin,googleforgames,909218.0,144243.0,478655.39999999973,1.3818841794380587,196176.23807786772,alive,1.6694791666666666,True,2024-03-14T06:52:57Z
fonts,google,165790.0,38839.0,83599.59999999986,0.19662755427841636,36326.57624582644,alive,0.449525462962963,True,2024-03-15T11:27:59Z
guava,google,251159.0,17466.0,187527.6,0.6936558109833971,66863.95443079292,alive,0.20215277777777776,True,2024-03-15T18:46:41Z
uBlock,gorhill,50460.0,11949.0,41612.79999999998,0.07801604406130268,13706.218662962656,alive,0.1382986111111111,True,2024-03-15T16:29:22Z
qiniu-wxapp-sdk,gpake,89265003.0,19569932.0,29825672.79999999,77.42560903575989,17801832.00719908,alive,226.5038425925926,False,2023-03-19T11:54:28Z
vue-qrcode-reader,gruhn,792771.0,665755.0,678598.3999999999,2.360659722222222,251193.07411474205,alive,7.705497685185185,True,2024-02-27T10:24:50Z
grunt,gruntjs,22770888.0,70584.0,10177247.6,19.570546376117495,4835514.684172184,alive,0.8169444444444445,False,2023-12-06T01:36:47Z
h2ogpt,h2oai,59258.0,6408.0,32144.79999999999,0.10324473180076628,13483.064391185237,alive,0.07416666666666667,True,2024-03-15T10:09:43Z
h2o,h2o,361799.0,74659.0,266899.9999999999,0.7099525063856961,94715.51522862888,alive,0.8641087962962963,True,2024-03-14T06:01:10Z
quicly,h2o,7319696.0,145118.0,2303359.9999999935,4.967953783524904,1478563.2299368333,alive,1.6796064814814815,True,2024-03-14T04:52:35Z
awesome-elixir,h4cc,3349664.0,1937811.0,1969973.3999999994,7.717848818646232,817299.6728523022,alive,22.428368055555556,True,2024-02-25T00:31:32Z
Front-end-Developer-Interview-Questions,h5bp,10386556.0,1126058.0,4696499.199999999,9.935224696679438,2183429.292525628,alive,13.033078703703703,True,2024-03-04T18:39:26Z
JS-jQuery-Practice,HackerUSA-CE,31627061.0,16684559.0,18440027.599999942,25.473982279693487,7817762.397276099,alive,193.10832175925927,False,2023-04-21T21:24:01Z
IQKeyboardManager,hackiftekhar,759450.0,51525.0,475084.19999999995,0.9035272988505747,177657.71864673114,alive,0.5963541666666666,True,2024-03-10T15:01:33Z
reveal,hakimel,224557.0,148975.0,153663.19999999992,0.4404713441890166,58740.67561013806,alive,1.7242476851851851,Error,
handsontable,handsontable,1909890.0,121609.0,1116439.9999999972,2.0790174010217113,453560.6318839337,alive,1.407511574074074,True,2024-03-15T07:55:48Z
docker-qemu-win2000,hectorm,18870080.0,3655683.0,7834053.799999987,17.54580300127714,3922134.960973928,alive,42.311145833333335,verify,2024-01-22T19:29:15Z
quark-design,hellof2e,3284546.0,479763.0,611283.6,2.9354877075351213,618594.150238941,alive,5.5528125,verify,2024-01-25T09:11:05Z
hexo,hexojs,3245465.0,37686.0,1735247.1999999995,5.650528815453384,746508.0708976247,alive,0.43618055555555557,True,2024-03-03T08:04:55Z
touchHLE,hikari-no-yume,286362.0,14459.0,84450.39999999997,0.2888609514687101,56292.840068391626,alive,0.16734953703703703,True,2024-03-15T11:09:22Z
awesome-model-quantization,htqin,3824535.0,201336.0,1859064.7999999986,4.73792504789272,852047.0511893231,alive,2.330277777777778,True,2024-02-16T15:06:10Z
quark-h5,huangwei9527,40781164.0,4652606.0,31238745.999999996,48.14033125798212,10644718.371280644,alive,53.84960648148148,False,2023-12-15T02:47:03Z
hubot,hubotio,2911029.0,593121.0,1153068.3999999992,3.5873730842911877,605403.4883496226,alive,6.864826388888889,True,2024-03-04T16:00:43Z
tether,HubSpot,609382.0,134795.0,605911.4,2.172554278416347,284052.7345045412,alive,1.560127314814815,True,2024-03-11T10:25:00Z
QssStylesheetEditor,hustlei,37563515.0,6875675.0,10444356.399999993,26.392060584291187,7274288.869736597,alive,79.57957175925925,False,2023-08-13T10:05:25Z
quake2-rerelease-dll,id-Software,4920938.0,2438214.0,4920938.0,56.955300925925926,,alive,28.220069444444444,False,2023-10-03T18:43:06Z
qttabbar,indiff,20772729.0,1639507.0,5040047.999999987,13.190814176245212,4025313.6001721593,alive,18.975775462962964,True,2024-03-15T08:48:19Z
inferno,infernojs,929486.0,99124.0,715063.9999999999,1.7758680555555555,267478.23454161646,alive,1.1472685185185185,True,2024-03-02T15:49:58Z
goQuality-dev-contents,Integerous,9729279.0,4010786.0,6947945.399999999,15.71933748403576,2440551.6288183066,alive,46.42113425925926,False,2023-09-15T13:53:34Z
quero-ser,intelitrader,41082354.0,2971553.0,10349495.799999988,33.16811182950192,7859352.424055262,alive,34.392974537037034,False,2023-09-27T14:34:07Z
QuickBooks-V3-PHP-SDK,intuit,14560705.0,7845085.0,12599163.2,25.278937579821203,4366576.065500981,alive,90.79959490740741,False,2023-08-02T04:48:35Z
lab-advance-querying-mongo,ironhack-labs,36039549.0,26118969.0,29778451.199999988,53.593836606002554,9775297.730857993,alive,302.30288194444444,False,2023-01-02T16:43:51Z
CppCoreGuidelines,isocpp,4216140.0,1652142.0,2410389.599999998,5.716576468710089,967943.2194933594,alive,19.12201388888889,True,2024-02-15T22:45:51Z
quartz,jackyzha0,533586.0,11171.0,458065.9999999996,1.350316091954023,153083.0014614162,alive,0.12929398148148147,True,2024-03-15T06:25:01Z
Interview_Question_for_Beginner,JaeYeopHan,14946728.0,3256216.0,9025316.999999998,28.727885536398464,3748630.2706566234,alive,37.68768518518519,False,2023-12-14T07:06:10Z
httpie,jakubroztocil,6842853.0,628590.0,5257329.199999994,7.229717432950192,1791472.4257647577,alive,7.275347222222222,True,2024-03-04T17:12:18Z
Build-A-Quiz-App-With-HTML-CSS-and-JavaScript,jamesqquick,67912053.0,21029683.0,21819084.999999985,51.03440134099617,13429689.704407506,alive,243.3991087962963,False,2023-03-02T14:25:17Z
QUEEN-NILU-MD,Janithsadanuwan,1896713.0,469228.0,537865.5999999996,1.8236430395913155,363849.53161973966,alive,5.430879629629629,verify,2023-12-20T12:07:30Z
coffeescript,jashkenas,17110072.0,3657632.0,7865682.399999997,25.164857918263092,3796838.038733554,alive,42.333703703703705,False,2023-09-19T15:59:28Z
underscore,jashkenas,23066311.0,2973503.0,3566264.3999999957,13.007447717113665,4317347.066987638,alive,34.415543981481484,True,2024-03-05T21:38:21Z
jasmine,jasmine,2003353.0,1466490.0,1590134.5999999987,5.319749760536398,548060.4598945405,alive,16.973263888888887,True,2024-03-05T03:35:31Z
awesome-mac,jaywcjlove,1820137.0,303167.0,780088.7999999998,3.7398906449552998,385238.13309215324,alive,3.5088773148148147,True,2024-03-08T17:36:58Z
jboss-eap-quickstarts,jboss-developer,44499353.0,2467894.0,16585840.999999981,35.616843071519796,9016263.990027258,alive,28.563587962962963,verify,2024-02-02T15:46:01Z
NodeGraphQt,jchanvfx,2689466.0,747740.0,1236508.3999999966,2.16720785440613,591910.2813795622,alive,8.654398148148148,verify,2024-02-14T09:37:40Z
ql_all,JDWXX,20063802.0,6453748.0,10808273.799999967,16.486756864623246,4753674.563370901,alive,74.69615740740741,False,2023-08-18T07:17:32Z
react-select,JedWatson,7860456.0,1294925.0,6099224.8,11.958241139846743,2110269.038289625,alive,14.98755787037037,False,2023-11-10T13:49:42Z
jekyll,jekyll,2645059.0,25914.0,1789910.7999999963,2.7130020753512136,671869.8935374538,alive,0.29993055555555553,verify,2024-02-13T04:19:22Z
bulma,jgthms,3880118.0,894129.0,2177810.5999999978,10.103106641123881,865731.7346014509,alive,10.348715277777778,True,2024-03-06T08:44:48Z
nativefier,jiahaog,11722396.0,2801684.0,7162835.599999985,12.981255986590037,2803354.4178208644,alive,32.42689814814815,False,2023-09-29T13:45:16Z
the-art-of-command-line,jlevy,56048504.0,9598777.0,9859249.399999987,36.5477662037037,10493000.719460024,alive,111.09695601851851,False,2023-07-12T21:40:23Z
q3vm,jnz,64472781.0,6579177.0,34722638.79999995,61.70301005747126,14623905.986569034,alive,76.14788194444445,True,2024-02-24T22:59:00Z
queueing-theory,joelparkerhenderson,74877917.0,3990036.0,41039669.5999999,67.78559629629629,17467281.06121849,alive,46.18097222222222,False,2023-09-15T19:39:24Z
query-monitor,johnbillion,502308.0,84754.0,285460.1999999997,0.44969308748403575,114614.83719945957,alive,0.9809490740740741,True,2024-02-28T19:03:43Z
awesome-machine-learning,josephmisiti,2415321.0,116904.0,1820072.7999999998,5.27950151660281,682295.0425450086,alive,1.3530555555555555,True,2024-03-09T02:55:04Z
jQuery-SlotMachine,josex2r,75541528.0,31298340.0,34409720.99999988,53.976597621328224,17175709.654986527,alive,362.24930555555557,False,2022-11-03T18:01:00Z
jquery-ui,jquery,12586878.0,2364604.0,5560748.999999996,15.408894875478927,2757386.573870701,alive,27.36810185185185,verify,2024-02-03T00:47:27Z
jquery,jquery,2707156.0,1321506.0,1784149.7999999982,4.338664990421456,669501.9529562509,alive,15.295208333333333,True,2024-03-14T18:28:20Z
QtBitcoinTrader,JulyIghor,19777573.0,13746830.0,19421446.2,50.524061701788,6635816.973392144,alive,159.1068287037037,False,2023-12-07T06:47:56Z
fzf,junegunn,177113.0,34213.0,173935.19999999998,0.7077334770114942,60812.192011299936,alive,0.3959837962962963,True,2024-03-14T02:18:47Z
qtconsole,jupyter,9479951.0,1068672.0,2566690.5999999996,7.065348419540229,1843496.3450199412,alive,12.36888888888889,False,2023-11-25T20:30:31Z
coding-interview-university,jwasham,2267338.0,113991.0,1526791.9999999984,2.9295466155810983,543164.8038807947,alive,1.3193402777777778,True,2024-03-05T15:56:18Z
developer-roadmap,kamranahmedse,680320.0,42154.0,141843.79999999987,0.607175925925926,128016.62861519202,alive,0.48789351851851853,True,2024-03-15T03:13:53Z
fabric,kangax,787029.0,264762.0,473373.7999999994,1.2537879150702427,178369.357853083,alive,3.064375,Error,
iris,kataras,1319826.0,136843.0,933397.1999999995,2.0688254310344827,342503.1045862026,alive,1.5838310185185185,verify,2024-01-22T13:35:09Z
qart,kciter,90201551.0,11028250.0,17271827.799999993,73.21748922413792,17096110.756026745,alive,127.6417824074074,Error,
cxx-qt,KDAB,1048013.0,23166.0,569622.9999999999,1.4130850893997444,237799.21183150445,alive,0.268125,True,2024-03-15T11:28:54Z
rust-qt-binding-generator,KDE,1986063.0,685796.0,1686413.3999999997,6.101087563856961,561084.1839735996,alive,7.937453703703704,True,2024-03-15T02:51:33Z
data-structures-questions,KeKe-Li,30441055.0,476679.0,5796265.999999996,19.107700750319285,5723899.720029265,alive,5.517118055555556,False,2023-12-12T05:27:39Z
40-questions,kepano,8452012.0,142576.0,5505462.799999994,10.044885057471264,2092895.18842177,alive,1.6501851851851852,True,2024-03-14T21:44:57Z
QuestionWechatApp,kesixin,773169.0,82147.0,398980.19999999984,1.72402658045977,151838.7166764564,alive,0.950775462962963,True,2024-03-15T01:51:27Z
keycloak-quickstarts,keycloak,3005715.0,1937169.0,2279008.599999999,5.48289232120051,826584.7527603025,alive,22.4209375,True,2024-03-13T11:02:48Z
front-end-Interview-Questions,khan4019,198579123.0,1337110.0,10940549.79999999,103.3461550127714,36613552.67560161,alive,15.475810185185185,False,2023-10-16T12:34:50Z
awesome-selfhosted,Kickball,252719.0,112536.0,214994.59999999992,0.6954210568326947,76598.84697398415,alive,1.3025,True,2024-03-14T23:37:57Z
ngx-quill,KillerCodeMonkey,1668681.0,550955.0,1324090.5999999982,2.4877566251596424,446551.20764589234,alive,6.376793981481481,True,2024-03-12T09:36:20Z
RoslynQuoter,KirillOsenkov,24181267.0,3986020.0,13438696.599999977,30.571426005747128,5567224.538553585,alive,46.13449074074074,False,2023-09-15T20:46:20Z
quant-ux,KlausSchaefers,7135013.0,741772.0,1192743.3999999994,5.638676963601532,1329251.893590959,alive,8.585324074074075,True,2024-03-14T21:16:55Z
mermaid,knsv,268570.0,35860.0,82302.9999999999,0.27238266283524903,52814.575832897375,alive,0.4150462962962963,True,2024-03-11T13:42:12Z
koa,koajs,14447872.0,39034.0,8092018.399999997,20.443954342273308,3415263.1884155753,alive,0.4517824074074074,True,2024-03-15T07:19:01Z
shellcheck,koalaman,4649967.0,1295969.0,2141571.1999999993,6.078483397190294,1018184.1168931398,alive,14.999641203703703,True,2024-03-08T03:11:32Z
qss,kosukeimai,21582607.0,864096.0,13928678.799999995,39.18186821519795,5673850.583363556,alive,10.001111111111111,False,2023-10-21T23:58:24Z
LeetCode-Questions-CompanyWise,krishnadey30,29545500.0,18469331.0,28274848.099999998,120.3263599537037,12890530.829648737,alive,213.7654050925926,False,2023-04-01T05:37:49Z
backend-interview-question,ksundong,13408125.0,816122.0,6808658.799999997,15.205327666028097,2970248.140610611,alive,9.445856481481481,verify,2023-12-17T08:57:45Z
echo,labstack,3468666.0,625667.0,2447058.799999998,7.684440054278417,892133.9886038665,alive,7.2415162037037035,True,2024-03-13T20:07:08Z
QuickNovel,LagradOst,4878138.0,854797.0,1653935.799999997,3.725209131545338,976193.9255334951,alive,9.893483796296296,True,2024-03-14T19:38:42Z
questions-answers,LandmakTechnology,2978864.0,1036749.0,2699988.5999999987,6.304438058748403,890046.9847797999,alive,11.999409722222222,verify,2024-02-08T20:05:29Z
laravel,laravel,2565650.0,30857.0,1644105.9999999993,5.792787356321839,604018.4457969256,alive,0.3571412037037037,True,2024-03-15T14:03:35Z
Stock_Analysis_For_Quant,LastAncientOne,466146.0,36648.0,315811.79999999964,1.3629078863346105,104622.10034065295,alive,0.4241666666666667,True,2024-03-15T02:24:52Z
Leaflet,Leaflet,1754293.0,128122.0,868337.0,3.106711765644955,417401.5528353743,alive,1.4828935185185186,True,2024-03-11T12:49:07Z
dsc-sql-interview-questions-lab,learn-co-curriculum,70855149.0,5391443.0,54552697.5,147.74718434343433,22243209.425701987,alive,62.40096064814815,False,2023-08-30T14:22:37Z
queue-with-nodes,learn-co-curriculum,41583843.0,26016285.0,33997292.39999998,100.69596726190476,15673563.752807291,alive,301.1144097222222,False,2023-01-03T21:15:15Z
quicksort,learn-co-curriculum,41584100.0,26016284.0,31295685.649999976,73.48391203703704,13685489.514742272,alive,301.11439814814815,False,2023-01-03T21:15:16Z
what-is-a-queue,learn-co-curriculum,41645869.0,26016264.0,26337048.25,48.620786313657405,11293861.512843074,alive,301.1141666666667,False,2023-01-03T21:15:36Z
mojs,legomushroom,3103885.0,356568.0,1410582.3999999978,2.805354406130268,666387.8916933126,alive,4.126944444444445,True,2024-03-13T18:15:10Z
less,less,12728993.0,4062760.0,9514848.199999997,24.41449513090677,3366758.9218532606,alive,47.02268518518518,verify,2024-01-18T01:26:29Z
QuantResearch,letianzj,33995129.0,5744636.0,8991836.199999979,21.811889766922093,6641227.321396997,alive,66.48884259259259,False,2023-08-26T12:16:04Z
seqtk,lh3,36160967.0,14268769.0,22853231.999999996,78.89614902618135,9637929.924132865,alive,165.14778935185186,False,2023-05-19T20:27:11Z
iina,lhc70000,1382929.0,990626.0,1300335.1999999997,3.4546986749680717,450872.9201706937,alive,11.465578703703704,True,2024-03-06T08:51:37Z
QFramework,liangxiegame,4244930.0,315269.0,2371840.999999999,8.035409881864624,1011501.4054312147,alive,3.648946759259259,verify,2024-01-04T07:07:26Z
libuv,libuv,776792.0,103383.0,434755.19999999955,1.4815122126436782,178098.99297747624,alive,1.1965625,True,2024-03-14T08:35:25Z
docker-qbittorrent,linuxserver,620366.0,234402.0,604934.8,4.582155571519795,251637.8983428449,alive,2.7129861111111113,True,2024-03-10T06:52:48Z
qs,ljharb,10550081.0,3984572.0,6174688.6,21.135424648786717,2604329.495680347,alive,46.117731481481485,True,2024-03-06T18:11:59Z
qpth,locuslab,86032185.0,5283920.0,16484097.399999995,62.89713002873563,16225391.869117474,alive,61.15648148148148,False,2023-08-31T20:14:40Z
lodash,lodash,75702133.0,2962756.0,11856405.999999996,51.339481162196684,14084428.391267702,alive,34.291157407407404,verify,2024-01-11T17:07:57Z
chatgpt-mirai-qq-bot,lss233,2739600.0,1484192.0,1554934.1999999955,2.947373882503193,648975.9748601387,alive,17.178148148148146,True,2024-03-03T13:43:32Z
qtermwidget,lxqt,5324228.0,562251.0,1767776.7999999996,5.7515469348659005,1069637.9985180658,alive,6.507534722222222,True,2024-02-17T10:25:23Z
javascript-questions,lydiahallie,2039321.0,399716.0,721175.1999999993,2.3273874521072795,401460.44138592074,alive,4.626342592592593,True,2024-03-10T15:01:57Z
qBittorrentDarktheme,maboroshin,36307437.0,13412505.0,20043437.599999987,39.45933708492976,8200428.348377178,alive,155.2373263888889,False,2023-05-29T18:18:15Z
Mailpile,mailpile,28526431.0,407455.0,22881501.59999998,45.91071679438058,7436179.228855203,alive,4.715914351851852,False,2023-11-01T17:23:18Z
quine-relay,mame,15564791.0,12026.0,13836073.399999995,25.107838042784167,4524249.867917336,alive,0.13918981481481482,False,2023-10-31T20:39:34Z
QLVideo,Marginal,46858013.0,2365671.0,16170935.399999952,31.17151859833972,9678839.815731158,alive,27.38045138888889,False,2023-10-10T15:42:59Z
awesome-ruby,markets,6603718.0,84853.0,3544804.999999999,11.281780411877394,1534108.9834949349,alive,0.9820949074074075,True,2024-02-22T10:05:06Z
qUINT,martymcmodding,58816629.0,8773167.0,10344282.399999997,46.12437579821201,10985774.812376685,alive,101.54128472222222,False,2023-07-22T11:00:33Z
kong,Mashape,156265.0,21085.0,76499.59999999998,0.22875478927203066,34664.13056905328,alive,0.24403935185185185,True,2024-03-14T14:56:29Z
hibernate-criteria-query,mate-academy,18139110.0,1603539.0,12958317.999999996,38.38003831417624,5018317.999043754,alive,18.559479166666666,False,2023-10-13T10:34:21Z
jv-multithreading-blocking-queue,mate-academy,42076841.0,14916912.0,31254579.799999975,89.554623015873,15310952.441941028,alive,172.64944444444444,False,2023-05-12T08:24:48Z
qa_cypress_e2e_book_store,mate-academy,14439775.0,3676926.0,14045154.0,42.66175861625514,5257688.136354636,alive,42.55701388888889,False,2023-09-19T10:37:54Z
qa_cypress_e2e_intro,mate-academy,21088171.0,9735989.0,16359794.199999988,40.76880163817664,6537570.436930663,alive,112.68505787037037,False,2023-07-11T07:33:31Z
qa_cypress_e2e_simple_auth,mate-academy,22747952.0,9735289.0,22603771.6,88.42909979423868,9335743.176336763,alive,112.67695601851852,False,2023-07-11T07:45:11Z
qa_cypress_e2e_student_registration_form,mate-academy,22908099.0,9735110.0,17785830.999999996,88.4274074074074,6891228.849392628,alive,112.67488425925926,False,2023-07-11T07:48:10Z
bitbar,matryer,9543255.0,1738489.0,8261123.199999997,23.606238026819923,2919866.072642416,alive,20.121400462962963,False,2023-12-10T14:15:41Z
awesome-swift,matteocrippa,7881024.0,382912.0,4450580.999999994,8.4809219348659,1843184.9742831655,alive,4.431851851851852,True,2024-02-29T21:53:53Z
atomic_queue,max0x7ba,3845232.0,1550715.0,2867460.3999999966,5.071669061302682,989338.7350113993,alive,17.948090277777776,True,2024-03-04T18:24:45Z
Queryable,mazzzystar,5228527.0,309668.0,1067662.7999999984,3.7053396392081734,986411.7971018667,alive,3.5841203703703703,verify,2024-02-07T06:42:37Z
c-binance-futures-quant,Melelery,2857025.0,1268771.0,1281879.7999999998,2.690138090676884,601651.8167025042,alive,14.684849537037037,False,2023-12-10T12:15:52Z
meta-qt5,meta-qt5,3337620.0,653263.0,2957381.0,6.720571519795658,948912.5767458174,alive,7.560914351851852,verify,2024-01-31T13:09:46Z
qryn,metrico,92333.0,22845.0,72391.4,0.14913194444444444,25473.203843871477,alive,0.2644097222222222,True,2024-03-15T13:58:14Z
ngx-quicklink,mgechev,22516602.0,15582709.0,16275105.199999986,28.604485153256704,5872395.1068889545,alive,180.35542824074074,False,2023-11-14T19:43:06Z
the-holy-quran-app,mhmzdev,16031455.0,7060325.0,10730666.399999982,16.600699632822476,4011990.8024358465,alive,81.71672453703704,False,2023-08-11T06:47:55Z
caddy,mholt,368002.0,21266.0,171554.19999999998,0.7183484993614304,81634.77950389923,alive,0.24613425925925925,True,2024-03-14T03:32:42Z
dotnet,Microsoft,25399085.0,1228922.0,4363427.999999998,14.964876277139208,4771904.074384759,alive,14.22363425925926,True,2024-02-24T03:45:30Z
qlib,microsoft,3024330.0,1002986.0,1656600.1999999983,5.1401724137931035,671664.6811657237,alive,11.60863425925926,True,2024-03-07T06:41:21Z
qsharp-compiler,microsoft,5360984.0,3637455.0,4238144.6,9.757852809706257,1349850.1306205553,alive,42.10017361111111,verify,2024-01-12T18:12:11Z
QuantumKatas,microsoft,4092147.0,1832696.0,3346135.999999999,10.600104964878671,1125560.2888939336,alive,21.21175925925926,verify,2024-01-12T18:40:42Z
QuantumLibraries,microsoft,5896145.0,3559886.0,4099348.1999999993,13.569875878033205,1422583.3020850006,alive,41.20238425925926,verify,2024-01-12T17:49:37Z
awesome-qt-qml,mikalv,23024323.0,3674192.0,13946794.199999994,46.172242975734356,6054247.465752561,alive,42.52537037037037,False,2023-09-19T11:23:28Z
MaterialDrawer,mikepenz,16724239.0,6697792.0,6878125.199999993,14.335836526181353,3519776.3832396152,alive,77.52074074074073,False,2023-08-15T11:30:08Z
minio,minio,123403.0,16164.0,70749.79999999999,0.263264687100894,27945.111535103228,alive,0.18708333333333332,True,2024-03-15T02:47:20Z
jQuery-QueryBuilder,mistic100,40005943.0,9032034.0,14551213.6,58.19367576628352,8159129.198624168,alive,104.53743055555556,verify,2024-01-30T17:58:42Z
mitmproxy,mitmproxy,1045742.0,21759.0,741746.9999999997,1.8956154214559386,275545.38542667247,alive,0.2518402777777778,True,2024-03-11T21:41:44Z
mobx,mobxjs,4138007.0,196896.0,2350386.1999999974,6.459611669859514,947746.0002952714,alive,2.278888888888889,True,2024-03-09T10:11:21Z
QuJing,Mocha-L,23332092.0,10573695.0,18652144.59999999,30.668538473818646,6187064.441036959,alive,122.38072916666667,False,2023-07-01T14:51:45Z
mocha,mochajs,18569552.0,21306.0,6296732.199999997,19.46322836845466,3664858.511240645,alive,0.24659722222222222,True,2024-03-12T17:18:58Z
Modernizr,Modernizr,28381856.0,887178.0,12256958.599999988,28.723134977650066,5972278.524768707,alive,10.268263888888889,verify,2023-12-20T07:22:21Z
quadplay,morgan3d,3845128.0,333108.0,2393339.1999999993,7.515822956577266,923190.412104379,alive,3.8554166666666667,verify,2023-12-18T03:59:29Z
firefox-ios,mozilla-mobile,221615.0,10032.0,45195.599999999955,0.18459091634738187,41073.88033103612,alive,0.11611111111111111,True,2024-03-15T18:10:30Z
sidekiq,mperham,512729.0,23081.0,429984.5999999996,1.0999541028097062,140323.11510339341,alive,0.2671412037037037,True,2024-03-13T18:29:02Z
quietweather,myvin,87162269.0,4089381.0,34498229.19999989,61.42758820242656,18737369.79564159,alive,47.33079861111111,False,2023-09-14T16:03:39Z
axios,mzabriskie,8406997.0,441919.0,1921010.2,6.342186302681993,1597488.0872041702,alive,5.11480324074074,True,2024-03-15T16:31:56Z
natural,NaturalNode,7396099.0,1396959.0,5521368.59999999,9.24897030651341,1941467.0663325433,alive,16.168506944444445,True,2024-03-13T12:26:34Z
QR-Code-generator,nayuki,12931744.0,6238572.0,11143140.799999995,22.203217592592594,3887735.310247324,alive,72.20569444444445,verify,2024-01-30T23:41:48Z
nbQA,nbQA-dev,4183905.0,2531949.0,3443526.9999999977,9.165244252873563,1182877.5146965117,alive,29.30496527777778,True,2024-03-12T22:39:06Z
Hystrix,Netflix,95596692.0,14225579.0,24088541.199999973,67.19170138888889,18408465.927121155,alive,164.6479050925926,False,2023-05-20T08:27:01Z
netty,netty,811527.0,277816.0,435630.59999999974,1.3860213122605365,187521.00007021218,alive,3.2154629629629627,True,2024-03-15T18:05:32Z
NiceHashQuickMiner,nicehash,6665953.0,1942962.0,3127665.8,7.004720226692209,1474843.411581332,alive,22.487986111111113,True,2024-03-15T13:32:35Z
glances,nicolargo,936589.0,31249.0,363259.3999999993,0.8372565453384418,192955.87735291838,alive,0.36167824074074073,True,2024-03-10T18:55:02Z
nightwatch,nightwatchjs,1720318.0,46234.0,994324.5999999989,2.828534083652618,400916.81939625007,alive,0.5351157407407408,True,2024-03-15T13:42:10Z
jQuery-MultiSelect,nobleclem,45721704.0,20495769.0,25716946.999999993,63.65026740102171,10342182.787618695,alive,237.21954861111112,False,2023-03-08T18:43:51Z
nodemailer,nodemailer,9000944.0,720711.0,4544399.6,13.447005906768839,2071108.0373764927,alive,8.3415625,True,2024-03-08T18:25:07Z
Swiper,nolimits4web,793610.0,479008.0,519645.79999999964,0.9291758461047254,193327.891630363,alive,5.544074074074074,True,2024-02-27T11:34:15Z
nsq,nsqio,6403583.0,159845.0,4134134.1999999983,10.823220785440613,1635127.4307005184,alive,1.8500578703703703,verify,2024-02-03T20:43:57Z
QLTools,nuanxinqing123,12255660.0,512613.0,6552838.599999994,15.676459530651343,2783572.338057459,alive,5.933020833333333,True,2024-03-02T02:23:43Z
nw,nwjs,1565708.0,8472.0,854040.1999999994,2.4205356002554277,352431.9263507185,alive,0.09805555555555556,Error,
qlImageSize,Nyx0uf,59695174.0,20970090.0,32675781.999999996,50.783866139846744,13540707.816842312,alive,242.709375,False,2023-03-03T06:58:30Z
OpenAPI-Specification,OAI,12702656.0,704752.0,6636666.799999988,13.176401261174968,2820860.609681669,alive,8.156851851851853,True,2024-03-11T15:35:35Z
data-engineering-interview-questions,OBenner,26128131.0,3220463.0,25817541.5,71.72761574074075,10119466.057213612,alive,37.27387731481482,False,2023-09-24T17:25:37Z
queue,OCA,3026865.0,233096.0,1079985.5999999999,3.3208081896551724,606938.028328091,alive,2.6978703703703704,True,2024-02-19T14:33:45Z
QBox,OCNYang,81933766.0,21906778.0,38617142.79999997,69.45836965197957,17541540.223057974,alive,253.5506712962963,False,2023-02-20T10:47:02Z
imgui,ocornut,513654.0,22931.0,327823.5999999994,0.6622186302681993,123437.73164842016,alive,0.2654050925925926,True,2024-03-11T10:04:56Z
Kingfisher,onevcat,4225164.0,208444.0,593373.5999999992,2.220673291826309,790268.6369194823,alive,2.4125462962962962,verify,2024-02-14T15:29:34Z
computer-science,open-source-society,9779022.0,126773.0,3751678.399999994,10.882147190293743,1979035.6306143084,alive,1.4672800925925926,True,2024-03-11T04:40:29Z
html-query,orf,9481127.0,280642.0,4870360.199999986,8.006465916347382,2178985.3975737733,alive,3.248171296296296,True,2024-03-10T13:15:47Z
GraphQLBundle,overblog,7577632.0,1519676.0,4428857.799999993,9.789514687100894,1773568.50577233,alive,17.58884259259259,True,2024-03-05T14:43:42Z
QRLJacking,OWASP,59072155.0,15738150.0,22354702.39999998,51.305553959131544,12044531.373520829,alive,182.15451388888889,False,2023-05-02T20:17:30Z
QCSuper,P1sec,19026938.0,11950147.0,17568973.799999997,33.339927362707535,5669770.741034218,alive,138.31188657407407,verify,2024-02-08T09:45:57Z
flask,pallets,1176045.0,289027.0,820478.9999999994,2.508191251596424,310916.79744483053,alive,3.3452199074074076,verify,2024-02-12T20:50:45Z
paper,paperjs,24547091.0,8926240.0,12356080.999999994,29.362916267560667,5353319.826860188,alive,103.31296296296296,Error,
parse-server,parse-community,659447.0,538022.0,546845.3999999999,1.3709378991060026,204102.79954779838,alive,6.227106481481481,True,2024-03-15T16:46:57Z
Queue,PEPLabs,15712503.0,6576985.0,12303804.25,37.500287422839506,6152645.97056263,alive,76.12251157407407,False,2023-08-16T21:03:35Z
libpg_query,pganalyze,5130178.0,287142.0,3822785.999999995,11.471486270753513,1397591.502138322,alive,3.323402777777778,verify,2024-01-09T04:54:04Z
pg_query,pganalyze,7106223.0,3084657.0,5791719.399999996,17.539803240740742,1967543.0634498375,alive,35.70204861111111,verify,2024-01-29T19:16:36Z
pg_query_go,pganalyze,22377833.0,7605302.0,9646131.199999994,29.447021072796936,4902224.296249739,alive,88.0243287037037,verify,2024-01-10T06:27:45Z
koel,phanan,6188990.0,1845030.0,2148097.999999998,6.062646072796935,1257194.7218877664,alive,21.35451388888889,verify,2024-01-17T15:48:35Z
vimium,philc,547504.0,15211.0,455953.59999999974,1.2269739782886335,161447.67685440608,alive,0.17605324074074075,True,2024-03-02T21:15:16Z
qoi,phoboslab,3178745.0,999293.0,2377194.3999999985,4.382005906768838,798926.347300153,alive,11.565891203703703,verify,2024-01-18T19:40:14Z
phoenix,phoenixframework,572914.0,31113.0,366813.3999999997,0.9572621328224777,139508.84404366274,alive,0.36010416666666667,True,2024-03-13T13:21:28Z
PHPMailer,PHPMailer,3642407.0,6705.0,1711314.1999999995,5.635556752873564,800389.7104773553,alive,0.07760416666666667,True,2024-03-12T22:07:08Z
querybook,pinterest,1397381.0,623660.0,1143233.7999999996,3.4165090197956576,406650.7288888282,alive,7.218287037037037,True,2024-03-13T23:53:16Z
pixi,pixijs,2239707.0,981466.0,1224774.7999999986,2.7570885217113665,506886.55997398094,alive,11.359560185185185,Error,
quickstart,plaid,3554980.0,452840.0,2832803.7999999966,5.081012132822478,937287.3358078767,alive,5.241203703703704,verify,2023-12-19T20:50:43Z
devise,plataformatec,5893026.0,1587792.0,2281541.5999999996,4.331867816091954,1210006.6244311114,alive,18.377222222222223,verify,2024-02-13T12:22:46Z
simple_form,plataformatec,20070464.0,1734879.0,7191409.399999995,15.739695482120052,4025651.5244071377,alive,20.079618055555557,False,2023-10-11T22:05:21Z
server-bot-quick-start,poe-platform,2308104.0,105382.0,1444583.1999999997,5.661803160919541,513785.69048689795,alive,1.219699074074074,True,2024-03-05T23:07:00Z
pouchdb,pouchdb,685084.0,54559.0,472707.3999999999,1.175224696679438,165524.53641368556,alive,0.6314699074074074,True,2024-03-13T10:35:24Z
PowerShell,PowerShell,424285.0,3225.0,178514.59999999966,0.4151875798212005,88662.04898029503,alive,0.03732638888888889,True,2024-03-14T18:42:30Z
quasar-admin,pratik227,12616684.0,241597.0,9187966.199999996,21.92957016283525,3160184.75046394,alive,2.796261574074074,verify,2024-01-31T05:02:31Z
prettier,prettier,562485.0,190953.0,425308.3999999997,0.717463282247765,143585.91139928062,alive,2.2101041666666665,True,2024-03-11T04:48:29Z
pyenv,pyenv,770836.0,103774.0,663020.1999999997,1.4197621328224777,216586.6109114626,alive,1.201087962962963,True,2024-03-06T21:15:41Z
PyQt,PyQt5,18638723.0,2099778.0,8936767.799999997,22.79007503192848,4136377.9838036327,alive,24.30298611111111,True,2024-02-26T03:54:48Z
qalculate-gtk,Qalculate,2699161.0,226770.0,2408470.6,10.035785440613028,842468.5599602822,alive,2.624652777777778,True,2024-03-14T10:10:48Z
qb-adminmenu,qbcore-framework,21442437.0,1632147.0,4100234.5999999912,14.30481720945083,4047863.174028476,alive,18.89059027777778,verify,2024-02-11T11:54:29Z
qb-ambulancejob,qbcore-framework,8473923.0,678683.0,4481315.999999996,13.988575590676884,1944976.3704254488,alive,7.855127314814815,True,2024-02-29T19:04:57Z
qb-apartments,qbcore-framework,8937165.0,2648635.0,4720777.599999998,14.059343071519796,2011019.235623065,alive,30.655497685185185,verify,2024-02-11T11:54:49Z
qb-banking,qbcore-framework,9878612.0,678653.0,5526878.799999999,13.735949074074075,2297866.289697435,alive,7.854780092592593,verify,2024-02-11T11:54:56Z
qb-bankrobbery,qbcore-framework,11034927.0,3295470.0,6376314.599999998,15.591464319923372,2637947.635327816,alive,38.14201388888889,True,2024-02-16T08:41:12Z
qb-clothing,qbcore-framework,8219435.0,1522716.0,4765616.799999991,10.672210648148148,1929868.5868540376,alive,17.624027777777776,verify,2024-02-11T11:55:32Z
qb-core,qbcore-framework,2574396.0,320901.0,1517436.999999999,3.116796775223499,586405.9666435785,alive,3.7141319444444445,True,2024-02-17T12:13:47Z
qb-doorlock,qbcore-framework,19357284.0,3093948.0,8885645.599999987,17.482860392720305,4112995.8355165757,alive,35.809583333333336,True,2024-02-16T08:41:23Z
qb-drugs,qbcore-framework,5576654.0,678595.0,2327650.0,8.369849537037037,1240603.3792616802,alive,7.8541087962962965,verify,2024-02-11T11:56:55Z
qb-garages,qbcore-framework,9980611.0,2602.0,4783541.999999996,12.3246408045977,2161120.7583031585,alive,0.03011574074074074,verify,2024-02-11T11:57:03Z
qb-houses,qbcore-framework,13469058.0,1632141.0,4046724.9999999967,14.464396152618134,2586718.1429239507,alive,18.890520833333333,True,2024-02-16T08:42:08Z
qb-hud,qbcore-framework,10043117.0,2153684.0,8181303.599999991,13.87093909642401,2699658.547868742,alive,24.926898148148148,verify,2024-02-11T11:57:56Z
qb-inventory,qbcore-framework,3864713.0,159521.0,3219007.9999999986,8.802780970625799,1087618.5292992832,alive,1.8463078703703704,True,2024-02-16T02:40:35Z
qb-multicharacter,qbcore-framework,6288658.0,1971942.0,2946996.1999999993,6.785985392720306,1343137.783064629,alive,22.823402777777776,verify,2024-02-11T11:58:45Z
qb-phone,qbcore-framework,6978492.0,1631796.0,6786413.599999999,17.805199153895273,2233779.6457579373,alive,18.88652777777778,True,2024-02-16T11:48:00Z
qb-policejob,qbcore-framework,6414895.0,1632159.0,5096820.399999998,11.95075630587484,1657904.465778159,alive,18.890729166666667,verify,2024-02-11T11:59:10Z
qb-radialmenu,qbcore-framework,24968247.0,678400.0,2314013.999999999,16.03549688697318,4598217.3085079165,alive,7.851851851851852,True,2024-02-29T19:06:22Z
qb-shops,qbcore-framework,12094342.0,1248886.0,5877654.599999999,13.816113904853129,2573243.390713482,alive,14.454699074074075,verify,2024-02-11T11:59:45Z
qb-target,qbcore-framework,24545368.0,3295276.0,4154345.7999999924,17.799940134099618,4570865.72037426,alive,38.139768518518515,True,2024-02-16T11:44:54Z
qb-vehiclekeys,qbcore-framework,13166457.0,994506.0,4229599.999999998,10.8398906449553,2593068.0723788314,alive,11.510486111111112,True,2024-02-16T08:41:15Z
qb-weapons,qbcore-framework,7306823.0,1530975.0,5047707.999999999,13.327337164750958,1965272.6950179737,alive,17.719618055555557,verify,2024-02-11T12:01:16Z
QBDI,QBDI,16070780.0,2303239.0,2717739.5999999964,8.93076867816092,3021774.534229722,alive,26.657858796296296,True,2024-02-29T16:11:25Z
qdleader,qdleader,749266.0,40398.0,346609.8,1.4293223180076629,150993.2413025228,alive,0.4675694444444444,True,2024-03-15T02:40:27Z
qdrant,qdrant,357868.0,4540.0,195679.5999999996,0.41989264048531294,80677.5742879805,alive,0.0525462962962963,True,2024-03-15T18:48:50Z
qshell,qiniu,5456344.0,655254.0,2974622.799999993,4.793180076628353,1264451.7460001237,alive,7.583958333333333,verify,2024-02-01T09:05:12Z
qiskit-community-tutorials,qiskit-community,17083347.0,4210978.0,6580437.199999991,16.39472062579821,3506910.1808797,alive,48.738171296296294,False,2023-09-13T06:17:02Z
qiskit-machine-learning,qiskit-community,4861741.0,9258.0,775092.3999999999,5.292396631545338,888261.6196116246,alive,0.10715277777777778,True,2024-03-01T09:41:46Z
qiskit-metal,qiskit-community,3812211.0,977797.0,2536279.999999998,7.820608237547893,930028.1146102746,alive,11.317094907407407,verify,2024-02-13T22:28:52Z
qiskit-nature,qiskit-community,1270202.0,740606.0,968739.7999999996,2.168672174329502,344500.4716709291,alive,8.571828703703703,True,2024-03-01T17:02:55Z
qiskit-translations,qiskit-community,2241621.0,9040.0,1313334.7999999996,4.3492672413793105,537964.9227456393,alive,0.10462962962962963,verify,2024-01-25T19:29:25Z
qiskit-aer,Qiskit,606653.0,39345.0,534828.3999999997,1.9809327107279693,191488.16304194834,alive,0.45538194444444446,True,2024-03-07T07:40:22Z
QuickLook,QL-Win,10235591.0,8263465.0,8622220.999999998,18.2403751596424,3095577.412274226,alive,95.64195601851851,verify,2024-02-13T11:51:53Z
qLib,qLab,6653301.0,1609837.0,2537284.3999999985,5.9726728128991065,1358454.441297902,alive,18.632372685185185,True,2024-03-15T09:33:11Z
qmk_configurator,qmk,2227234.0,260219.0,1772376.7999999993,3.801466714559387,600553.8577699336,alive,3.0117939814814814,True,2024-02-28T13:24:20Z
qmk_toolbox,qmk,14334061.0,1459139.0,5878056.599999996,18.198684945721585,2965161.0327307135,alive,16.888182870370372,True,2024-03-09T22:44:42Z
qpdf,qpdf,1102069.0,22559.0,891698.799999999,1.3165134099616858,295265.3178888021,alive,0.26109953703703703,True,2024-03-03T18:40:59Z
QPT,QPT-Family,330812.0,114830.0,151827.79999999976,0.3093007662835249,70871.64804495782,alive,1.329050925925926,True,2024-02-22T00:57:04Z
QXlsx,QtExcel,7858627.0,1041906.0,4267622.599999997,11.59645154853129,1780349.696159989,alive,12.059097222222222,True,2024-02-29T23:38:51Z
qt-solutions,qtproject,108519927.0,33217557.0,35040342.599999964,122.90221543742018,21138877.508553598,alive,384.46246527777777,False,2022-10-24T06:33:07Z
qtcharts,qt,630847.0,99610.0,456782.7999999998,2.3867097701149427,148537.62531928607,alive,1.1528935185185185,True,2024-03-15T17:06:26Z
qfs,quantcast,7156778.0,748876.0,5090292.799999994,7.867343151340996,1803415.4339107424,alive,8.667546296296296,False,2023-10-23T07:58:44Z
quantum-core,quantum-elixir,5269273.0,1467820.0,3642229.7999999956,11.673967911877394,1295848.4912868608,alive,16.98865740740741,True,2024-03-10T13:30:59Z
qpc,QuantumLeaps,20544825.0,3001.0,14663176.99999997,34.765312100894,5189102.124992534,alive,0.0347337962962963,True,2024-03-09T23:01:00Z
quark-engine,quark-engine,748945.0,109017.0,706686.2,4.290706816730523,273547.1528800488,alive,1.2617708333333333,True,2024-03-14T07:34:22Z
quarkus-quickstarts,quarkusio,1831838.0,559211.0,818785.7999999992,2.622687180715198,391708.9489330301,alive,6.472349537037037,True,2024-03-07T15:50:01Z
quarkusio,quarkusio,259366.0,79465.0,164731.79999999987,0.48279174648786716,58802.064969437524,alive,0.9197337962962963,Error,
quasar-awesome,quasarframework,8389221.0,321833.0,4167157.9999999874,6.336942448914431,1937120.1702587137,alive,3.7249189814814816,True,2024-03-04T10:56:36Z
Quasar,quasar,63321617.0,6755177.0,14013276.399999999,40.250480922733075,12064995.172205048,alive,78.18491898148149,False,2023-08-14T19:33:43Z
que,que-rb,9744160.0,1074193.0,5603516.599999995,10.434829182630907,2228553.0238576597,alive,12.432789351851852,True,2024-03-05T05:24:51Z
quelpa,quelpa,23659764.0,7061790.0,17251895.799999993,30.232818087484038,5957854.170853479,alive,81.73368055555555,True,2024-03-15T14:35:02Z
questdb,questdb,334918.0,12909.0,257010.8,0.5309841954022989,86903.04078170056,alive,0.14940972222222224,True,2024-03-15T15:10:27Z
QuestPDF,QuestPDF,894255.0,2095.0,563851.9999999998,1.559085648148148,219163.23396207287,alive,0.024247685185185185,True,2024-03-13T13:06:24Z
quick_redis_blog,quick123official,36468374.0,410283.0,2237964.9999999963,17.666728927203064,6745303.80337627,alive,4.748645833333334,False,2023-10-27T06:01:57Z
quickblox-android-sdk,QuickBlox,20241769.0,116823.0,3381007.199999996,14.482449712643676,3764697.22567476,alive,1.3521180555555556,verify,2023-12-21T13:27:33Z
quickblox-ios-sdk,QuickBlox,8972652.0,103504.0,2344071.9999999995,8.588281848659005,1746415.459029163,alive,1.197962962962963,verify,2024-01-31T09:14:39Z
quickblox-javascript-sdk,QuickBlox,7867675.0,112052.0,4866288.399999993,13.382942608556833,1800154.7453968793,alive,1.296898148148148,True,2024-02-26T10:34:51Z
quickemu,quickemu-project,261557.0,807.0,209024.39999999994,0.654746567688378,72936.08823206836,alive,0.009340277777777777,False,2023-12-10T23:10:16Z
quickfix,quickfixgo,185245.0,8774.0,121438.59999999987,0.20631305874840358,44985.02625206542,alive,0.10155092592592592,False,2023-11-13T18:36:37Z
quickfix,quickfix,1805261.0,1378985.0,1729451.7999999998,2.935152059386973,557413.8440375288,alive,15.960474537037037,True,2024-03-15T06:11:17Z
QuickJS,quickjs-zh,37564752.0,13558994.0,20463920.799999952,48.20558748403576,8496630.602404468,alive,156.93280092592593,verify,2024-02-07T05:37:52Z
Quick,Quick,2353541.0,74273.0,1916624.399999998,4.137324393358877,622136.7774556762,alive,0.8596412037037037,True,2024-03-11T19:19:13Z
quill-mention,quill-mention,27473604.0,2279390.0,3675281.3999999994,16.28491538952746,5111681.300574304,alive,26.381828703703704,False,2023-11-02T17:54:29Z
quilt,quiltdata,902484.0,39816.0,490939.5999999994,1.3555531609195401,208344.5223924922,alive,0.4608333333333333,True,2024-03-12T11:13:45Z
quil,quil,932169.0,24426.0,561632.9999999984,0.7913665389527459,230879.06677877472,alive,0.28270833333333334,verify,2024-01-22T04:32:42Z
quinn,quinn-rs,1527757.0,295229.0,995530.1999999981,2.215774664750958,374546.5354678842,alive,3.4170023148148148,True,2024-03-11T19:55:24Z
qmq,qunarcorp,16405163.0,9631274.0,11281342.399999991,22.566568486590036,4175684.372173147,alive,111.4730787037037,False,2023-12-01T02:13:10Z
qunit,qunitjs,6274497.0,1031687.0,4319591.199999997,12.496366938058749,1546217.4691465008,alive,11.94082175925926,True,2024-03-05T02:06:09Z
Quaternion,quotient-im,1227419.0,718217.0,1078457.5999999999,1.9946863026819923,365883.5729502082,alive,8.312696759259259,True,2024-02-27T08:48:22Z
quran,quran,9909143.0,5236251.0,6280788.399999995,14.64069085249042,2482096.5445261924,alive,60.604756944444446,Error,
quran,quran,1483314.0,427053.0,460138.19999999995,1.3941056034482757,289655.6685599665,alive,4.942743055555556,Error,
quran_android,quran,266841.0,8326.0,153645.9999999999,0.549537037037037,64806.66806190328,alive,0.09636574074074074,True,2024-03-12T21:00:58Z
Qwen-VL,QwenLM,1326664.0,40417.0,654214.3999999989,1.2430016762452107,290025.9324101499,alive,0.46778935185185183,True,2024-03-10T08:45:05Z
Qwen,QwenLM,445513.0,132406.0,224607.79999999976,0.6267405012771392,98083.2699752081,alive,1.532476851851852,True,2024-03-15T12:52:29Z
qxmpp,qxmpp-project,3873120.0,2004578.0,2631911.399999999,5.309881066411239,987235.5286131391,alive,23.20113425925926,True,2024-03-15T15:53:14Z
qxresearch-event-1,qxresearch,9699824.0,2269380.0,2339595.199999999,6.157644077266921,1858941.0721841573,alive,26.26597222222222,False,2023-12-02T14:31:26Z
ramda,ramda,19530816.0,2313714.0,7926641.999999991,19.047298850574713,3977568.0687650484,alive,26.779097222222223,verify,2024-01-06T16:08:52Z
quickstart,rancher,5445527.0,3398095.0,4965132.6,18.35395434227331,1642782.0789085047,alive,39.32980324074074,False,2023-12-15T15:47:46Z
qnm,ranyitz,15922535.0,4377530.0,9879785.599999983,16.368849377394636,3784172.029494917,alive,50.665856481481484,False,2023-09-11T08:01:10Z
empresas-que-usam-react-no-brasil,react-brasil,8397160.0,704878.0,6057748.199999989,11.212438138569604,2176263.65885966,alive,8.158310185185185,False,2023-12-05T12:10:02Z
react-querybuilder,react-querybuilder,233019.0,2023.0,90998.79999999996,0.23711645913154536,48067.228767725595,alive,0.023414351851851853,True,2024-03-13T21:06:47Z
ReactiveCocoa,ReactiveCocoa,20869030.0,11946447.0,13849092.999999996,43.27882662835249,5252472.766115237,alive,138.2690625,False,2023-06-15T17:32:33Z
RxJava,ReactiveX,5321462.0,830266.0,1772416.3999999992,7.638366459131546,1022945.9522226801,alive,9.609560185185185,True,2024-03-15T07:34:22Z
rxjs,ReactiveX,5171195.0,182863.0,3005936.1999999993,5.45106082375479,1194736.4963077265,alive,2.1164699074074074,True,2024-02-29T15:28:49Z
RxSwift,ReactiveX,7648762.0,272563.0,3715918.3999999943,6.244883860153257,1671911.6712793917,alive,3.154664351851852,False,2023-12-04T14:31:15Z
redux,reactjs,4470223.0,208334.0,3009974.3999999976,5.51846104725415,1075425.4011255426,alive,2.411273148148148,True,2024-03-11T04:01:23Z
react-router,ReactTraining,531304.0,11897.0,308391.99999999977,0.6220645753512133,126915.21324277138,alive,0.13769675925925925,True,2024-03-13T22:32:11Z
qwerty-learner-vscode,RealKai42,1551821.0,220977.0,1179607.7999999984,2.312965756704981,408624.57621676713,alive,2.5576041666666667,False,2023-11-02T14:55:27Z
realm-cocoa,realm,898286.0,131534.0,685210.9999999998,2.2608860153256707,257385.33265286812,alive,1.5223842592592594,True,2024-03-15T18:43:28Z
realm-java,realm,2945913.0,1590427.0,2255582.1999999983,4.696476293103448,806787.9099496342,alive,18.407719907407408,True,2024-03-14T20:41:37Z
SwiftLint,realm,696847.0,12311.0,332521.5999999997,0.9719659961685825,145943.880436411,alive,0.14248842592592592,True,2024-03-11T19:14:10Z
containers-quickstarts,redhat-cop,9310326.0,1780516.0,6855307.399999992,20.66993414750958,2241983.5004758,alive,20.607824074074074,verify,2024-02-13T14:10:05Z
redux-saga,redux-saga,12726051.0,5732759.0,7460101.19999999,15.375202346743295,2948409.403417782,alive,66.35137731481481,verify,2024-01-02T08:39:21Z
nodemon,remy,2259423.0,656306.0,1880325.5999999987,4.018884099616859,643428.714584747,alive,7.59613425925926,True,2024-03-13T17:16:36Z
Sentinel-Queries,reprise99,2773066.0,1166268.0,1982033.9999999981,4.881368534482759,713821.2231887045,alive,13.498472222222222,True,2024-03-11T23:25:35Z
node-restify,restify,12054530.0,7095884.0,7511871.399999988,15.85217792145594,2929460.9733690047,alive,82.12828703703704,verify,2024-01-27T20:10:02Z
go-quartz,reugn,7772047.0,625875.0,4468238.8,12.211398068326949,1808058.1280901576,alive,7.243923611111111,True,2024-03-15T10:33:42Z
nlw-06-discover,rocketseat-education,43967258.0,15476666.0,25241937.649999976,56.98493923611111,12650969.051730782,alive,179.1280787037037,False,2023-05-05T20:55:34Z
rollup,rollup,580859.0,57706.0,190109.99999999994,0.623554837164751,114971.96458911318,alive,0.6678935185185185,True,2024-03-15T13:13:43Z
vim-qf,romainl,56864320.0,15173728.0,16599265.999999974,54.42157128033205,11025505.284817671,alive,175.62185185185186,False,2023-05-09T09:04:32Z
ros_qtc_plugin,ros-industrial,10858528.0,1495031.0,6506247.399999996,11.167003512132823,2603015.6243436234,alive,17.303599537037037,True,2024-02-17T22:18:07Z
react-qr-code,rosskhanas,20991468.0,1603249.0,3816004.9999999986,14.788833812260537,3927506.9998441725,alive,18.556122685185183,verify,2024-02-11T15:20:16Z
SDWebImage,rs,1440155.0,397371.0,894680.1999999997,1.8925247445721585,352099.1835576736,alive,4.599201388888889,True,2024-03-14T07:20:11Z
Sortable,RubaXa,32976107.0,868894.0,7796355.999999993,30.858330539591314,6256579.576454578,alive,10.056643518518518,verify,2024-01-14T00:22:55Z
grape,ruby-grape,4149623.0,107898.0,2602392.9999999944,6.022821280332057,990305.594300591,alive,1.2488194444444445,verify,2024-01-22T14:51:38Z
johnny-five,rwaldron,32709496.0,19219366.0,22368839.39999998,34.983806273946364,8020698.946493822,alive,222.44636574074073,False,2023-03-23T13:19:01Z
How-To-Ask-Questions-The-Smart-Way,ryanhanwu,9589447.0,2311262.0,6355169.599999991,16.386705779054918,2396467.6624530028,alive,26.750717592592594,False,2023-12-05T04:25:52Z
q,ryboe,13941399.0,2584718.0,11459588.199999992,27.962955379948916,3993141.1448179428,alive,29.915717592592593,True,2024-02-25T18:32:49Z
hackathon-starter,sahat,5700098.0,206957.0,1043723.9999999987,3.328519316730523,1074152.1696806455,alive,2.3953356481481483,False,2023-10-29T14:30:43Z
quadsort,scandum,13746931.0,25758.0,9789810.399999997,17.85247964559387,3430195.0317032235,alive,0.298125,False,2023-11-02T20:18:35Z
qrcode,scopewu,9793788.0,1878497.0,8298854.199999993,26.131495849297576,2695842.502650724,alive,21.741863425925924,Error,
scrapy,scrapy,912102.0,7595.0,89269.79999999992,0.490272190293742,168720.45435225108,alive,0.08790509259259259,True,2024-03-14T13:20:14Z
nerdtree,scrooloose,32217579.0,529555.0,15603343.399999978,34.02523986270754,6924783.076284643,alive,6.129108796296296,True,2024-02-27T11:50:59Z
Best-websites-a-programmer-should-visit,sdmg15,10823906.0,578929.0,5519570.0,11.15484514687101,2370381.5695605003,alive,6.700567129629629,True,2024-03-14T21:29:52Z
seajs,seajs,152333589.0,10404341.0,42964504.79999999,111.01529932950193,29522477.763631776,alive,120.42061342592592,False,2023-07-03T13:54:19Z
rails_admin,sferik,7429806.0,331503.0,4680718.399999993,10.822821679438059,1775751.300225573,alive,3.8368402777777777,True,2024-03-02T10:18:07Z
shadowsocks-android,shadowsocks,9860128.0,3170650.0,3332787.7999999966,9.609193406768838,1985234.4217430975,alive,36.69733796296296,False,2023-09-25T07:55:04Z
quadpy,sigma-py,23612687.0,18190282.0,19916507.4,73.4192361111111,9843373.81846481,alive,210.5356712962963,False,2023-04-04T11:08:38Z
sinatra,sinatra,3224917.0,1140417.0,1860890.1999999995,5.399750159642401,776463.3092949411,alive,13.199270833333333,verify,2024-01-19T11:45:22Z
awesome,sindresorhus,5165424.0,464404.0,2613679.1999999993,6.40861709770115,1124962.583917401,alive,5.375046296296296,verify,2024-02-14T08:09:43Z
p-queue,sindresorhus,17679803.0,5108838.0,15223947.799999993,30.637439734993613,5371059.307759839,alive,59.130069444444445,False,2023-12-14T00:18:56Z
quick-lru,sindresorhus,44862621.0,4373472.0,9148800.2,45.02891762452107,8484083.849089341,alive,50.61888888888889,False,2023-12-02T01:26:48Z
flutter-quill,singerdmx,167645.0,18260.0,130775.39999999994,0.4189395753512133,43998.718998734,alive,0.21134259259259258,True,2024-03-11T10:45:27Z
Sitecore-Azure-Quickstart-Templates,Sitecore,18035996.0,4290793.0,10100556.19999999,26.10249800446999,4054528.4579930156,alive,49.66195601851852,True,2024-03-14T02:08:59Z
QtAutoUpdater,Skycoder42,51821289.0,20869449.0,22133353.39999996,43.09351692209451,10908631.724933807,alive,241.5445486111111,False,2023-03-04T10:55:51Z
vim-quickui,skywind3000,13694845.0,5418387.0,8563398.799999988,17.16928280651341,3250475.842873235,alive,62.7128125,True,2024-02-24T14:21:11Z
Slim,slimphp,4756705.0,2487426.0,2612464.4,7.24491259578544,1135225.4970942866,alive,28.78965277777778,True,2024-03-03T21:25:30Z
QLScriptPublic,smallfawn,1067334.0,55977.0,215071.19999999992,1.1706329821200512,198297.5030141586,alive,0.6478819444444445,True,2024-03-15T05:51:15Z
quicklens,softwaremill,2418667.0,776783.0,1088194.399999999,3.2989060504469987,521845.1895080448,alive,8.990543981481482,True,2024-03-02T00:11:56Z
node-qrcode,soldair,33771142.0,16655667.0,20247251.199999977,43.51730324074074,8135696.014132793,alive,192.77392361111112,False,2023-04-22T05:25:33Z
prezto,sorin-ionescu,7179171.0,2265244.0,6658543.3999999985,16.44979845146871,2201452.870883965,alive,26.218101851851852,verify,2024-01-26T09:21:09Z
awesome-quincy-larson-emails,sourabh-joshi,1293651.0,581234.0,982243.9999999993,3.613847381864623,388045.2447379703,alive,6.727245370370371,verify,2024-02-05T06:32:05Z
luigi,spotify,9122778.0,518971.0,4003025.5999999973,14.069836366538953,1853334.8577900385,alive,6.006608796296296,verify,2024-01-23T10:42:08Z
qtpy,spyder-ide,2233235.0,351390.0,936784.399999998,1.8515289750957853,471161.5556479498,alive,4.067013888888889,False,2023-12-04T22:41:06Z
querybuilder,sqlkata,18234723.0,3860885.0,4009298.9999999986,12.813352889527458,3493086.239612841,alive,44.68616898148148,True,2024-03-05T10:28:03Z
sqlmap,sqlmapproject,1848711.0,35025.0,1164321.1999999993,4.276643119412516,441752.45749583095,alive,0.4053819444444444,True,2024-03-04T14:39:58Z
leakcanary,square,5462122.0,1742583.0,2449249.5999999996,4.99375159642401,1158998.7997235162,alive,20.168784722222224,True,2024-02-17T16:33:21Z
okhttp,square,1262479.0,145219.0,835486.5999999992,1.6834195402298848,308094.0532564211,alive,1.680775462962963,True,2024-03-11T11:22:19Z
retrofit,square,948698.0,96415.0,874793.5999999999,4.01328903256705,285270.1721759403,alive,1.115914351851852,True,2024-03-13T23:33:16Z
react-query-tutorial,ssi02014,3641490.0,483989.0,3355214.599999999,5.611501835887612,1081839.722675177,alive,5.601724537037037,True,2024-03-11T14:02:24Z
burger-queen-api-mock,ssinuco,27116197.0,5549559.0,11595707.849999974,27.65759387860082,6512168.459290581,alive,64.23100694444445,False,2023-08-28T18:27:21Z
Dapper,StackExchange,3197943.0,835547.0,1990904.3999999985,4.268657008301405,750851.5645856225,alive,9.67068287037037,True,2024-03-07T12:19:30Z
quivr,StanGirard,212697.0,20393.0,57806.39999999999,0.22116938058748403,40902.38198484879,alive,0.23603009259259258,True,2024-03-15T18:50:53Z
jq,stedolan,730180.0,246599.0,619475.6,1.5062663633461046,215947.06473884443,alive,2.8541550925925927,True,2024-03-15T13:30:23Z
Lyrical-GraphQL,StephenGrider,171995383.0,10914920.0,122297090.64999992,292.8575202546296,60190968.73740667,alive,126.33009259259259,False,2023-06-27T16:04:40Z
styled-components,styled-components,2730532.0,1542519.0,1898159.7999999968,3.2072166347381863,691945.5878916255,alive,17.853229166666665,verify,2024-01-08T21:28:23Z
stylus,stylus,11218711.0,659324.0,4654024.399999995,15.077518757982121,2289309.353027559,alive,7.631064814814815,True,2024-03-05T05:00:33Z
node-browserify,substack,49417826.0,924411.0,24772855.199999962,48.04007503192848,10856234.00654244,alive,10.69920138888889,False,2023-10-21T07:13:09Z
reactjs-interview-questions,sudheerj,8342963.0,2140046.0,3319030.799999994,6.66744053320562,1719552.3047803275,alive,24.769050925925924,True,2024-03-09T08:26:07Z
Rules-For-Quantumult-X,sve1r,2338070.0,743200.0,2091314.9999999993,3.9769432471264365,697137.4988028004,alive,8.601851851851851,True,2024-02-22T13:09:49Z
svelte-query,SvelteStack,39461546.0,8433981.0,9625782.599999994,30.68091914112388,7561577.050397846,alive,97.61552083333333,False,2023-07-26T09:13:39Z
svgo,svg,18951362.0,205985.0,4642064.999999989,11.893692927841634,3670988.5506620007,alive,2.3840856481481483,True,2024-03-02T01:24:43Z
swagger-ui,swagger-api,409405.0,43723.0,258506.2,0.7245873243933589,96502.15714660619,alive,0.5060532407407408,True,2024-03-14T12:06:15Z
syncthing,syncthing,403422.0,159256.0,287335.39999999985,0.955403895274585,101160.38395409001,alive,1.8432407407407407,True,2024-03-11T06:30:21Z
lab-mysql-first-queries,ta-data-lis,82269216.0,50314358.0,61704214.25,158.71648919753085,33585498.50301475,alive,582.3421064814814,False,2022-03-28T15:47:22Z
Security_Engineer_Interview_Questions,tadwhitaker,67547097.0,3457944.0,45493260.0,102.58894345238096,18169529.137816742,alive,40.0225,True,2024-03-02T18:07:54Z
quick-xml,tafia,560286.0,185117.0,217928.99999999977,0.5552306832694764,114019.06855056276,alive,2.1425578703703705,verify,2024-01-21T19:49:26Z
query,TanStack,277642.0,48860.0,80178.39999999997,0.31276141443167305,53679.931236993725,alive,0.5655092592592592,True,2024-03-15T11:56:29Z
todomvc,tastejs,92262030.0,88085.0,17872540.99999998,65.33820561941252,17296957.949284013,alive,1.0195023148148148,verify,2024-02-05T18:48:49Z
questions-for-employers,tBaxter,23827848.0,5557610.0,14260288.399999987,31.07174090038314,5782974.863568809,alive,64.32418981481482,verify,2024-01-12T14:24:18Z
capybara,teamcapybara,3728099.0,2002539.0,2614788.7999999993,6.501893358876118,1007997.919850019,alive,23.177534722222223,verify,2024-02-07T18:54:07Z
QMUI_iOS,Tencent,19117459.0,7833248.0,9519320.199999997,21.063848978288632,4164364.2529565794,alive,90.66259259259259,False,2023-08-02T08:05:52Z
QMUI_Web,Tencent,52965348.0,25345486.0,26082674.599999957,41.07878312579821,11667693.376205707,alive,293.3505324074074,False,2023-01-11T15:35:14Z
tesseract,tesseract-ocr,1491921.0,6859.0,1342300.7999999996,2.635843310983397,426718.05567784485,alive,0.07938657407407407,True,2024-03-11T04:50:05Z
qr,theyakka,37313884.0,14710309.0,16705276.999999963,27.299095226692213,8103514.412305976,alive,170.2582060185185,Error,
bootswatch,thomaspark,1456681.0,712790.0,1142806.1999999993,3.01922972541507,406707.5807834865,alive,8.24988425925926,True,2024-03-09T20:25:47Z
bourbon,thoughtbot,31792790.0,10147980.0,23777315.199999966,48.10808868135377,8592465.917618569,alive,117.45347222222222,True,2024-03-15T15:48:38Z
questionary,tmbo,24434734.0,1381881.0,3429806.599999999,14.692164750957856,4548437.277372766,alive,15.993993055555556,verify,2024-01-12T09:43:33Z
tmux,tmux,2415261.0,114870.0,593055.9999999998,2.0097729086845466,463981.32550547255,alive,1.3295138888888889,True,2024-03-13T14:01:09Z
qsreplace,tomnomnom,82187479.0,42781581.0,70263915.24999997,245.61596064814816,40664051.53339248,alive,495.1571875,False,2022-06-23T20:13:39Z
ehentai-qt,tonquer,13141422.0,6864599.0,8845771.2,18.079983237547893,3271788.9206218086,alive,79.45137731481482,False,2023-08-13T13:10:01Z
JMComic-qt,tonquer,9679153.0,386934.0,7463738.599999998,18.033835408684546,2789266.745418849,alive,4.478402777777778,True,2024-03-11T02:19:55Z
picacg-qt,tonquer,10384952.0,4703157.0,6592232.19999999,13.417955379948916,2489238.7869470296,alive,54.4346875,verify,2024-01-12T15:05:44Z
think-queue,top-think,48222209.0,10433879.0,22079723.399999995,64.7913437899106,10325863.198122697,alive,120.76248842592592,False,2023-07-03T05:42:01Z
tornado,tornadoweb,2110340.0,172925.0,982176.3999999998,2.736053639846743,461387.3608099569,alive,2.001446759259259,True,2024-03-03T17:04:16Z
vim-fugitive,tpope,4657750.0,197996.0,3096734.599999996,8.127703144955301,1145501.3024564392,alive,2.2916203703703704,True,2024-03-04T00:57:59Z
hector_quadrotor,tu-darmstadt-ros-pkg,150027309.0,20350426.0,26671817.79999993,84.38286717752236,28440940.235468578,alive,235.53733796296297,False,2023-03-14T09:31:04Z
How-To-Ask-Questions-The-Smart-Way,tvvocold,154258970.0,49141981.0,136720275.39999998,516.5875,67585211.23334007,alive,568.7729282407407,False,2022-04-11T05:26:59Z
bootstrap-sass,twbs,84579063.0,12801233.0,21570873.799999967,64.65143039591315,16403029.867909243,alive,148.1624189814815,False,2023-08-07T14:14:08Z
quickchart,typpo,6530536.0,2186527.0,5285679.399999999,12.260978607918263,1788616.9867203182,alive,25.30702546296296,True,2024-02-27T05:26:07Z
ud843-QuakeReport,udacity,182957271.0,53868559.0,182957271.0,2117.5610069444447,,alive,623.4786921296296,False,2022-02-15T12:30:41Z
uikit,uikit,437321.0,113960.0,296756.19999999925,0.4763038793103448,111768.13072360241,alive,1.3189814814814815,True,2024-03-12T13:28:20Z
react-awesome-query-builder,ukrbublik,7525084.0,293091.0,3370194.7999999914,6.386289511494253,1629882.6904515577,alive,3.3922569444444446,False,2023-10-28T14:35:09Z
quick-scope,unblevable,23630750.0,7265901.0,13341701.199999994,33.66118095466155,5694905.875064125,alive,84.09607638888889,False,2023-08-08T21:41:39Z
uWebSockets,uNetworking,4175252.0,1228183.0,2445307.3999999985,5.641902937420179,996358.2016752494,alive,14.215081018518518,True,2024-03-15T18:05:42Z
zsh-quickstart-kit,unixorn,8133562.0,2114896.0,2547348.399999999,7.523912835249042,1591461.5664861999,alive,24.477962962962962,True,2024-02-29T15:38:11Z
qbittorrent-nox-static,userdocs,7755972.0,575671.0,4573669.599999994,9.080783844189016,1782958.6531972212,alive,6.662858796296296,True,2024-03-14T20:09:43Z
EasyQRCodeJS,ushelp,33443630.0,413630.0,8988006.199999997,32.370449393358875,6454310.704929043,alive,4.78738425925926,verify,2024-02-05T16:30:00Z
QuickDraw,uvipen,69992003.0,25331320.0,63026001.19999998,144.10430439814814,26500023.383158363,alive,293.1865740740741,False,2023-01-11T19:31:20Z
qskinny,uwerat,683545.0,114681.0,423702.5999999998,1.1480260217113665,169242.45902562948,alive,1.3273263888888889,True,2024-03-15T12:22:12Z
bootstrap-datepicker,uxsolutions,35943871.0,14790697.0,22664851.599999964,46.277359913793106,8511701.293400567,alive,171.18862268518518,False,2023-05-13T19:28:23Z
vapor,vapor,2255055.0,725574.0,1209691.5999999999,5.043479406130269,532309.1456761364,alive,8.397847222222222,True,2024-02-20T13:51:27Z
quiver,varkor,5020988.0,617433.0,765155.1999999994,2.9728093071519797,937254.8224848649,alive,7.146215277777777,verify,2024-02-13T11:18:04Z
spring-boot-quick,vector4wang,12862593.0,1240410.0,1295231.9999999995,7.004614463601532,2381923.4794108868,alive,14.356597222222222,False,2023-10-17T15:26:30Z
awesome-docker,veggiemonk,2335153.0,1006979.0,2171011.1999999997,7.2970557950191575,750707.8081433935,alive,11.654849537037038,True,2024-02-29T14:34:58Z
1on1-questions,VGraupera,47873721.0,19771688.0,24073327.99999997,38.152708732439336,10530242.616406815,alive,228.83898148148148,False,2023-03-17T03:51:52Z
video,videojs,2851155.0,662170.0,1633740.5999999978,3.7746252394636017,652758.6049211462,alive,7.66400462962963,Error,
vim-airline,vim-airline,6654435.0,1772880.0,3433578.7999999993,9.226367337164751,1549627.5245237094,alive,20.519444444444446,True,2024-02-17T14:29:08Z
Qogir-icon-theme,vinceliuice,1901534.0,165042.0,1782992.7999999998,5.064076468710089,613845.4194632613,alive,1.9102083333333333,True,2024-02-21T12:42:24Z
Qogir-theme,vinceliuice,2342818.0,457835.0,2123965.8,6.4946108716475095,802382.2099114973,alive,5.299016203703704,True,2024-03-10T11:06:40Z
awesome-python,vinta,19112607.0,9534172.0,10929634.999999993,31.01488785121328,4540920.073687121,alive,110.34921296296297,True,2024-02-22T16:33:07Z
qobuz-dl,vitiko98,20229996.0,6139397.0,15254880.6,29.933157327586205,5222368.9771845015,alive,71.05783564814814,False,2023-08-21T22:36:43Z
QA_bible,VladislavEremeev,13897147.0,2800375.0,8130275.399999992,18.81011135057471,3209506.537726616,alive,32.41174768518518,True,2024-02-28T13:06:18Z
awesome-ios,vsouza,5211786.0,8863.0,2727134.0,7.010669300766283,1183524.2487609403,alive,0.10258101851851852,verify,2024-01-29T14:45:25Z
awesome-vue,vuejs,1631006.0,637231.0,1052296.2,3.38165469348659,394224.579140357,alive,7.375358796296296,verify,2024-01-27T08:44:32Z
vue,vuejs,15350219.0,749060.0,5168294.99999999,12.728680156449553,3086227.46793156,alive,8.669675925925926,verify,2023-12-31T13:23:55Z
vuex,vuejs,13169525.0,7302063.0,10488538.799999991,26.963026021711368,3699773.916898114,alive,84.51461805555556,False,2023-08-08T11:38:57Z
QuantumultX,w37fhy,13740093.0,1939474.0,7317585.79999998,12.380396312260537,3200977.9855253133,alive,22.44761574074074,False,2023-10-09T13:15:26Z
wks-quickstart-firekube,weaveworks,80513468.0,5480729.0,12194779.999999994,48.997332375478926,15091090.055731837,alive,63.43436342592592,False,2023-08-29T13:34:31Z
design,WebAssembly,33604997.0,715611.0,27394178.399999976,71.82673092273308,8821246.072090268,alive,8.282534722222222,True,2024-02-22T21:47:06Z
wekan,wekan,424254.0,35576.0,282700.5999999999,0.9595625798212005,120532.09328532124,alive,0.41175925925925927,True,2024-03-14T18:38:18Z
paper-qa,whitead,2732834.0,29168.0,1061312.9999999998,4.4865030332056195,554566.4978227025,alive,0.3375925925925926,True,2024-03-13T19:26:11Z
qinglong,whyour,530313.0,147344.0,399130.5999999997,1.24339998403576,133404.30736664904,alive,1.7053703703703704,True,2024-03-14T09:37:52Z
Express-Quests,WildCodeSchool,39597975.0,33991.0,33774248.249999985,117.81730902777778,19614917.9295904,alive,0.39341435185185186,False,2023-10-31T14:33:29Z
awesome-quant,wilsonfreitas,1795755.0,572977.0,1141584.9999999995,3.2378619891443168,468362.8147769401,alive,6.631678240740741,True,2024-03-11T10:31:51Z
winston,winstonjs,3450198.0,1561054.0,2939087.5999999987,8.586286717752236,1032579.6474314452,alive,18.06775462962963,True,2024-03-04T01:36:29Z
awesome-quantified-self,woop,44166313.0,6474487.0,9585122.2,41.21728727650064,8502995.702644087,alive,74.93619212962963,True,2024-02-20T17:47:55Z
QP-Gallery-Releases,WSTxda,7224687.0,204728.0,5299607.599999998,11.16005946679438,1824452.3747115526,alive,2.369537037037037,True,2024-03-02T19:08:34Z
front-end-interview-questions,wwwebman,71413469.0,13137973.0,28003545.99999998,66.78794699872286,14723459.622345852,alive,152.05987268518518,False,2023-06-01T22:33:47Z
handlebars,wycats,18067230.0,3557740.0,5913630.999999993,16.997049409323115,3584530.540500895,alive,41.1775462962963,Error,
gold-miner,xitu,10584023.0,1324072.0,5033056.799999992,9.628024425287357,2286944.851430679,alive,15.324907407407407,verify,2024-01-21T07:30:23Z
QtExamples,XMuli,9273072.0,1171360.0,6005020.8,15.34236230842912,2401452.1323520713,alive,13.557407407407407,verify,2024-01-24T18:22:34Z
PHP-Source-Query,xPaw,23546784.0,3166283.0,18961788.599999987,40.987220625798216,6672949.605126109,alive,36.64679398148148,False,2023-09-25T08:28:37Z
XX-Net,XX-net,1984528.0,237443.0,1170160.7999999984,2.7417393039591316,457112.14508304326,alive,2.7481828703703703,True,2024-03-06T07:46:01Z
python_interview_questions,yakimka,25053756.0,21774966.0,23788648.2,58.10027584876543,9038338.648783937,alive,252.02506944444445,True,2024-02-21T01:51:23Z
interview-questions,YauhenKavalchuk,4771645.0,1497604.0,3840777.7999999956,5.769131146232439,1272061.2954288837,alive,17.33337962962963,True,2024-03-12T08:53:09Z
quiz,yegor256,129080442.0,23314771.0,120152065.54999998,365.4460763888889,53059893.47361,alive,269.84688657407406,False,2023-02-04T03:40:29Z
yii2-queue,yiisoft,5730404.0,2447831.0,4274411.799999996,7.656991938058748,1477430.9199304946,alive,28.331377314814816,verify,2024-02-01T08:15:03Z
local-ai-stack,ykhli,58868.0,10152.0,29107.19999999999,0.058712084929757345,12930.156453855547,alive,0.1175,False,2023-11-29T18:14:13Z
QIIME2ChineseManual,YongxinLiu,35883503.0,8155916.0,22161816.59999997,49.448516922094505,8564885.709922532,alive,94.39717592592592,False,2023-07-29T14:28:04Z
Data-Science-Interview-Questions-Answers,youssefHosni,5348575.0,2774677.0,3091886.199999996,6.519523866538953,1225769.892816048,alive,32.11431712962963,verify,2024-01-23T06:29:08Z
QuantumultX,yqc007,4078523.0,141741.0,1241546.7999999993,4.142451708173691,790205.1773376904,alive,1.6405208333333334,True,2024-03-14T09:57:35Z
quadrotor,yrlu,78648439.0,41790982.0,55412827.49999998,85.65861479377105,20548736.10848437,alive,483.6919212962963,False,2022-07-05T07:23:38Z
QMPlay2,zaps166,1751823.0,614155.0,902707.599999998,2.2388848978288634,382275.23258251994,alive,7.108275462962963,True,2024-03-12T21:37:10Z
hyper,zeit,585869.0,59456.0,274570.6,0.5117991698595147,125943.74841417617,alive,0.6881481481481482,True,2024-02-28T05:53:52Z
go-queue,zeromicro,14063486.0,1852096.0,6460084.199999994,17.700947876756064,3072784.724230802,alive,21.436296296296295,False,2023-10-10T13:31:44Z
q,zestyping,40629588.0,13862721.0,27400612.999999948,48.587782567049814,10276519.320842842,alive,160.44815972222221,verify,2023-12-18T23:10:02Z
qrcode,zpao,12801097.0,243718.0,9045310.199999988,16.940680874840357,3281061.0824476876,alive,2.8208101851851852,Error,
rule_for_quantumultX,zqzess,604803.0,167234.0,405604.39999999997,1.4483097860791827,158056.6175697997,alive,1.9355787037037038,True,2024-03-11T01:30:21Z
zxing,zxing,3024047.0,118115.0,883033.5999999999,3.1919480363984674,596766.5134566631,alive,1.3670717592592592,True,2024-03-11T12:30:06Z
