Owner,Repository-Name,numCommits,totalTimeToCompute
freeCodeCamp,freeCodeCamp,33818,15124.096393585205
twbs,bootstrap,22580,17594.706773757935
EbookFoundation,free-programming-books,8396,17504.32586669922
facebook,react,15980,19504.009008407593
d3,d3,4468,16456.093788146973
getify,You-Dont-Know-JS,1893,17544.397354125977
tensorflow,tensorflow,154166,21108.119249343872
sindresorhus,awesome,1104,18552.80566215515
vuejs,vue,3547,17666.114330291748
angular,angular.js,9073,18973.479986190796
robbyrussell,oh-my-zsh,6989,20694.504976272583
airbnb,javascript,1964,15287.29248046875
github,gitignore,3528,16383.371114730835
FortAwesome,Font-Awesome,14,22248.09169769287
facebook,react-native,29106,27109.00592803955
electron,electron,27703,25383.966207504272
torvalds,linux,1215837,18368.66807937622
jquery,jquery,6647,17215.06094932556
jwasham,coding-interview-university,2376,18965.45910835266
moby,moby,47637,19799.487352371216
daneden,animate.css,662,20737.331867218018
apple,swift,155061,22423.170804977417
atom,atom,38533,20999.677419662476
meteor,meteor,34003,14352.025747299194
h5bp,html5-boilerplate,2494,13844.377756118774
nodejs,node,39749,18981.905221939087
nodejs,node-v0.x-archive,2,17877.906322479248
rails,rails,89054,19406.28671646118
Semantic-Org,Semantic-UI,6747,15440.096616744995
vinta,awesome-python,1644,17706.650972366333
hakimel,reveal.js,3011,17710.39128303528
socketio,socket.io,1997,18004.10747528076
mrdoob,three.js,42121,17002.84433364868
laravel,laravel,6918,14427.391529083252
expressjs,express,5776,18009.727001190186
reactjs,redux,3808,16798.649787902832
moment,moment,3980,14189.28074836731
impress,impress.js,413,19092.75245666504
nwjs,nw.js,5043,19488.205432891846
jlevy,the-art-of-command-line,1218,19063.809871673584
chartjs,Chart.js,4475,18088.953256607056
google,material-design-icons,228,19060.22357940674
jakubroztocil,httpie,1773,15330.76810836792
ionic-team,ionic,13186,21594.153881072998
jekyll,jekyll,11679,8231.186628341675
Microsoft,vscode,114076,21483.312368392944
webpack,webpack,16337,17020.99609375
resume,resume.github.com,263,16791.4719581604
AFNetworking,AFNetworking,2944,19049.97992515564
golang,go,58071,17152.0254611969
facebookincubator,create-react-app,2802,21166.277170181274
Homebrew,legacy-homebrew,63882,21295.57180404663
nvbn,thefuck,1650,19642.560958862305
h5bp,Front-end-Developer-Interview-Questions,962,16691.741228103638
pallets,flask,5170,16668.21789741516
NARKOZ,hacker-scripts,150,19686.733961105347
google,material-design-lite,2872,19334.215879440308
adobe,brackets,17847,18024.349212646484
Dogfalo,materialize,3878,16441.823482513428
blueimp,jQuery-File-Upload,1265,17868.7961101532
rg3,youtube-dl,18782,17425.76575279236
necolas,normalize.css,360,18430.45473098755
gulpjs,gulp,1198,18000.420808792114
callemall,material-ui,22942,18692.29555130005
jashkenas,backbone,3506,19170.822143554688
django,django,32040,21203.577756881714
yarnpkg,yarn,2353,18110.73923110962
requests,requests,6190,15660.698413848877
zurb,foundation-sites,17268,19793.469429016113
angular,angular,27979,15823.259353637695
ReactiveX,RxJava,6050,18273.80061149597
chrislgarry,Apollo-11,538,15214.582681655884
kubernetes,kubernetes,118570,20750.208377838135
lodash,lodash,8012,17782.02509880066
Alamofire,Alamofire,1610,15401.71194076538
antirez,redis,11850,21547.487497329712
wasabeef,awesome-android-ui,459,17743.81685256958
ansible,ansible,54006,20113.23094367981
getlantern,lantern,6168,19146.17967605591
josephmisiti,awesome-machine-learning,1889,16452.115535736084
kamranahmedse,developer-roadmap,3742,17685.439109802246
papers-we-love,papers-we-love,867,18945.50085067749
elastic,elasticsearch,72095,18903.31983566284
Trinea,android-open-project,958,18986.807584762573
neovim,neovim,27203,19234.505891799927
Microsoft,TypeScript,35210,17369.31586265564
nylas,nylas-mail,6116,16483.36172103882
ReactTraining,react-router,6252,20917.616605758667
TryGhost,Ghost,36736,15800.084829330444
johnpapa,angular-styleguide,1136,19064.599752426147
typicode,json-server,872,15261.502027511597
ariya,phantomjs,1958,15312.716722488403
open-source-society,computer-science,1001,19394.284963607788
tiimgreen,github-cheat-sheet,506,19784.603595733643
rust-lang,rust,234828,21054.94713783264
square,retrofit,2088,18025.23684501648
discourse,discourse,51138,19846.81725502014
firehol,netdata,16340,18358.914613723755
dypsilon,frontend-dev-bookmarks,390,19936.965465545654
mzabriskie,axios,1466,21641.245365142822
avelino,awesome-go,4609,20208.783864974976
caolan,async,1884,16851.362466812134
babel,babel,16041,19567.51799583435
tastejs,todomvc,2909,10494.24958229065
minimaxir,big-list-of-naughty-strings,273,17755.711555480957
scrapy,scrapy,10126,19631.850242614746
jashkenas,underscore,2830,18030.405521392822
harvesthq,chosen,1287,17894.360303878784
lukehoban,es6features,109,17650.123596191406
Modernizr,Modernizr,2615,18574.726343154907
square,okhttp,5446,14595.865726470947
select2,select2,2654,19238.61575126648
vsouza,awesome-ios,6354,19276.981115341187
adam-p,markdown-here,807,16431.33544921875
sahat,hackathon-starter,2634,17865.35096168518
enaqx,awesome-react,1979,15227.006912231445
creationix,nvm,2146,13971.484184265137
iluwatar,java-design-patterns,3496,18914.06536102295
prakhar1989,awesome-courses,554,18036.11660003662
gogits,gogs,5931,19229.43162918091
Unitech,pm2,4998,16927.98638343811
alvarotrigo,fullPage.js,2155,13132.665872573853
gitlabhq,gitlabhq,111285,10069.908380508423
karan,Projects,182,17602.620124816895
scikit-learn,scikit-learn,30479,19172.57046699524
googlesamples,android-architecture,807,19142.8701877594
facebook,immutable-js,1735,19605.34167289734
rethinkdb,rethinkdb,33521,18867.695331573486
caesar0301,awesome-public-datasets,771,20736.081838607788
joshbuchea,HEAD,367,17966.143131256104
bayandin,awesome-awesomeness,576,19331.88223838806
certbot,certbot,10811,20765.172243118286
toddmotto,public-apis,4525,20015.70725440979
Leaflet,Leaflet,7715,16985.613584518433
ecomfe,echarts,9155,21585.317373275757
BVLC,caffe,4156,15835.714340209961
kenwheeler,slick,925,18086.6436958313
justjavac,free-programming-books-zh_CN,922,19567.22617149353
codepath,android_guides,64,16717.84782409668
mozilla,pdf.js,17940,20284.761428833008
FezVrasta,bootstrap-material-design,1400,19678.34758758545
shadowsocks,shadowsocks,1,18474.359035491943
google,protobuf,15875,20014.442443847656
git,git,71146,22151.875734329224
gohugoio,hugo,7886,20239.264249801636
emberjs,ember.js,22309,14570.628643035889
rs,SDWebImage,3478,19605.782985687256
Polymer,polymer,6878,19585.93225479126
zenorocha,clipboard.js,396,19218.79529953003
facebook,pop,310,21226.198434829712
sindresorhus,awesome-nodejs,853,19625.601291656494
tensorflow,models,9203,17374.35817718506
nvie,gitflow,401,19434.244394302368
donnemartin,system-design-primer,329,19003.429889678955
zeit,hyper,3802,17552.781343460083
vuejs,awesome-vue,5068,19672.136306762695
ReactiveCocoa,ReactiveCocoa,8660,19904.93679046631
serverless,serverless,15739,19570.454835891724
balderdashy,sails,7174,17091.2823677063
plataformatec,devise,3854,21024.95265007019
kamranahmedse,design-patterns-for-humans,141,19274.547338485718
Prinzhorn,skrollr,606,16851.314067840576
open-guides,og-aws,1042,19666.382789611816
google,guava,6181,14591.102838516235
herrbischoff,awesome-osx-command-line,1,19241.04142189026
almasaeed2010,AdminLTE,2561,21554.442405700684
numbbbbb,the-swift-programming-language-in-chinese,2527,19938.29894065857
yahoo,pure,899,16800.111532211304
mathiasbynens,dotfiles,761,19375.597953796387
IanLunn,Hover,132,19360.465049743652
fchollet,keras,9741,18320.70565223694
hexojs,hexo,3591,19341.531991958618
JakeWharton,butterknife,1016,17937.087774276733
videojs,video.js,3993,18165.276050567627
google,web-starter-kit,720,18670.270919799805
FallibleInc,security-guide-for-developers,146,19050.645112991333
fastlane,fastlane,16448,18252.030611038208
astaxie,build-web-application-with-golang,5178,16744.858026504517
grafana,grafana,45353,20217.30661392212
Reactive-Extensions,RxJS,2357,18475.6498336792
jgthms,bulma,1741,19106.2490940094
huginn,huginn,3669,19557.417392730713
hammerjs,hammer.js,1199,18346.678972244263
opencv,opencv,33374,18597.760438919067
PhilJay,MPAndroidChart,2070,18709.18560028076
syncthing,syncthing,7239,19844.908237457275
Kickball,awesome-selfhosted,6377,17175.716638565063
railsware,upterm,2998,16811.52606010437
bumptech,glide,2938,18173.875331878662
bevacqua,dragula,366,18062.057971954346
t4t5,sweetalert,363,17873.57234954834
koajs,koa,1184,17983.801126480103
ripienaar,free-for-dev,5378,18310.874223709106
request,request,2270,18041.99481010437
BradLarson,GPUImage,1082,17971.123933792114
sdmg15,Best-websites-a-programmer-should-visit,1148,16783.618688583374
ziadoz,awesome-php,1567,19153.09762954712
aosabook,500lines,3297,18080.99603652954
square,leakcanary,2070,20013.02146911621
angular,material,4949,18636.126041412354
GitbookIO,gitbook,2379,20008.015155792236
photonstorm,phaser,18966,20104.43139076233
JetBrains,kotlin,104983,19847.564697265625
SamyPesse,How-to-Make-a-Computer-Operating-System,243,16716.439962387085
verekia,js-stack-from-scratch,569,18605.515956878662
usablica,intro.js,1375,17945.11866569519
nostra13,Android-Universal-Image-Loader,1038,18947.21221923828
ZuzooVn,machine-learning-for-software-engineers,298,17660.390615463257
MaximAbramchuck,awesome-interview-questions,449,20066.87355041504
ajaxorg,ace,8553,18277.086973190308
postcss,postcss,3972,14160.185813903809
bower,bower,2792,19215.546131134033
VundleVim,Vundle.vim,635,17727.147102355957
Tencent,weui,701,12813.528299331665
defunkt,jquery-pjax,508,18890.740633010864
kahun,awesome-sysadmin,515,15270.914793014526
SnapKit,Masonry,406,18930.246591567993
greenrobot,EventBus,550,17530.920267105103
XX-net,XX-Net,2550,20093.239784240723
pixijs,pixi.js,6523,21214.778184890747
danielgindi,Charts,1820,18709.465980529785
ftlabs,fastclick,408,19001.378297805786
less,less.js,2977,16513.233184814453
petkaantonov,bluebird,2112,19028.722763061523
mitchellh,vagrant,16619,16885.642051696777
SwiftyJSON,SwiftyJSON,745,17780.545949935913
ryanmcdermott,clean-code-javascript,546,18688.91406059265
symfony,symfony,66310,17370.142698287964
github,fetch,687,20713.857412338257
ant-design,ant-design,26222,19371.023416519165
ApacheInfra,superset,13959,19618.822813034058
lord,slate,703,14261.250019073486
pugjs,pug,2572,19137.07733154297
spring-projects,spring-framework,28116,19666.15581512451
bcit-ci,CodeIgniter,10342,17925.82058906555
facebook,hhvm,61632,16280.03191947937
alex,what-happens-when,294,17754.068851470947
0xAX,linux-insides,1913,17899.860858917236
kriasoft,react-starter-kit,62,16645.661115646362
alibaba,weex,12044,14384.37795639038
zeit,next.js,17650,20173.317432403564
tonsky,FiraCode,585,19196.5811252594
twitter,typeahead.js,594,19131.139278411865
react-boilerplate,react-boilerplate,1457,17784.371852874756
angular-ui,bootstrap,2073,17886.205434799194
dhg,Skeleton,167,15015.154838562012
FreeCodeCampChina,freecodecamp.cn,8845,16656.452894210815
dimsemenov,PhotoSwipe,716,12801.737070083618
futurice,android-best-practices,247,17429.96335029602
Valloric,YouCompleteMe,3122,21095.808506011963
zxing,zxing,3747,18274.896383285522
isocpp,CppCoreGuidelines,2115,19222.59211540222
jashkenas,coffeescript,4908,16330.269813537598
jcjohnson,neural-style,169,15035.988569259644
facebook,flux,506,20804.417610168457
ElemeFE,element,4609,19359.134912490845
racaljk,hosts,749972,515.6464576721191
twbs,ratchet,1401,19765.46359062195
quilljs,quill,5457,14225.986242294312
coreos,etcd,20297,19768.562078475952
Bilibili,ijkplayer,2627,17951.586961746216
rstacruz,nprogress,209,17633.720636367798
dokku,dokku,9367,16740.379810333252
bitcoin,bitcoin,38752,13470.16453742981
webtorrent,webtorrent,3471,17867.89035797119
tornadoweb,tornado,4660,18399.625778198242
square,picasso,1646,17906.222581863403
parse-community,parse-server,4290,19995.216846466064
dkhamsing,open-source-ios-apps,7137,17845.677852630615
spring-projects,spring-boot,45282,19596.14062309265
airbnb,lottie-android,1534,17908.870935440063
google,iosched,3139,19291.26000404358
limetext,lime,1104,17837.62764930725
soimort,you-get,2515,14212.501764297485
jdg,MBProgressHUD,683,19096.967220306396
kriskowal,q,902,17901.36456489563
tobiasahlin,SpinKit,262,16409.116506576538
jaywcjlove,awesome-mac,1941,19421.679496765137
reddit,reddit,7956,21291.698455810547
angular-ui,ui-router,2121,19283.34379196167
jondot,awesome-react-native,2193,19096.094131469727
apache,spark,38243,18490.735292434692
Thibaut,devdocs,5171,18137.62331008911
chjj,marked,3152,17894.026517868042
knsv,mermaid,8696,19915.02332687378
juliangarnier,anime,736,18698.673486709595
designmodo,Flat-UI,246,16536.149740219116
julianshapiro,velocity,895,15368.314504623413
akullpp,awesome-java,1641,18241.66440963745
raywenderlich,swift-algorithm-club,2534,19622.173309326172
postcss,autoprefixer,2624,18309.12137031555
getsentry,sentry,59171,17751.771211624146
angular,angular-seed,207,18066.065788269043
npm,npm,8342,15306.148052215576
facebook,fresco,3676,19349.995136260986
hubotio,hubot,2245,16949.99408721924
domnikl,DesignPatternsPHP,1285,19791.930198669434
ReactiveX,RxAndroid,547,17851.022243499756
rwaldron,idiomatic.js,504,19103.066205978394
mholt,caddy,1768,21986.050844192505
nolimits4web,Swiper,3529,16527.694940567017
madrobby,zepto,1517,16650.707483291626
mochajs,mocha,3601,12909.02066230774
Automattic,mongoose,19973,19707.640647888184
wg,wrk,80,16535.91227531433
ggreer,the_silver_searcher,2057,16413.01918029785
jlmakes,scrollreveal,950,18980.920791625977
jasmine,jasmine,2669,19883.952856063843
cheeriojs,cheerio,2748,19316.414833068848
bbatsov,ruby-style-guide,997,19052.921533584595
enyo,dropzone,1100,19466.70651435852
CamDavidsonPilon,Probabilistic-Programming-and-Bayesian-Methods-for-Hackers,1119,19075.20031929016
segmentio,nightmare,994,19574.63026046753
RocketChat,Rocket.Chat,24401,17942.376613616943
kripken,emscripten,26098,21177.785634994507
ruby,ruby,79803,18976.74584388733
interagent,http-api-design,131,19032.286405563354
facebook,flow,16590,20593.138456344604
matteocrippa,awesome-swift,3924,17735.35919189453
standard,standard,1955,15373.990774154663
braydie,HowToBeAProgrammer,378,18654.765605926514
php,php-src,133405,21193.15505027771
songrotek,Deep-Learning-Papers-Reading-Roadmap,114,19313.904523849487
fouber,blog,94,18121.423721313477
twbs,bootstrap-sass,1041,19342.478036880493
HubSpot,pace,446,17669.39949989319
wycats,handlebars.js,2044,18091.90797805786
syl20bnr,spacemacs,12666,16654.738903045654
riot,riot,3849,19397.68123626709
codemirror,CodeMirror,7156,21443.840265274048
dotnet,corefx,4,18663.02728652954
aymericdamien,TensorFlow-Examples,250,16833.243370056152
ipader,SwiftGuide,568,17854.08878326416
desandro,masonry,451,17563.483476638794
naptha,tesseract.js,747,17771.809339523315
libgdx,libgdx,15270,20273.797512054443
PerfectlySoft,Perfect,805,16598.358869552612
mongodb,mongo,75564,16671.924829483032
legomushroom,mojs,1827,19575.32525062561
faif,python-patterns,830,17660.765647888184
kennethreitz,python-guide,2319,15497.359037399292
prettier,prettier,8792,19155.08985519409
kilimchoi,engineering-blogs,1717,17676.93519592285
facebookarchive,AsyncDisplayKit,4163,15587.472915649414
ipython,ipython,26668,19583.088397979736
ccgus,fmdb,626,16459.09810066223
MostlyAdequate,mostly-adequate-guide,853,19109.952926635742
wagerfield,parallax,167,15575.073957443237
etsy,statsd,1038,21673.061847686768
storybooks,storybook,53270,20051.35703086853
Microsoft,CNTK,16117,21651.749849319458
oneuijs,You-Dont-Need-jQuery,626,17753.94296646118
gruntjs,grunt,1527,16570.62029838562
node-inspector,node-inspector,621,19639.02759552002
drduh,macOS-Security-and-Privacy-Guide,591,18998.648405075073
sindresorhus,awesome-electron,559,18084.478855133057
puikinsh,gentelella,458,19402.493000030518
astaxie,beego,3994,17864.988565444946
textmate,textmate,5757,19382.64274597168
altercation,solarized,374,17668.352603912354
diaspora,diaspora,20865,18483.54697227478
bolshchikov,js-must-watch,132,18841.338396072388
tesseract-ocr,tesseract,6256,19144.262552261353
DefinitelyTyped,DefinitelyTyped,84805,18131.582975387573
caskroom,homebrew-cask,189712,24498.400926589966
ionic-team,ionicons,614,16786.12470626831
remy,nodemon,1321,16428.86996269226
fzaninotto,Faker,2632,17752.771615982056
substack,node-browserify,2290,20682.974100112915
jiahaog,nativefier,1286,19845.43800354004
Blankj,AndroidUtilCode,1430,11493.149995803833
h5bp,Effeckt.css,432,16482.013463974
adobe-fonts,source-code-pro,35,18952.12984085083
scottjehl,Respond,278,17790.390491485596
terryum,awesome-deep-learning-papers,168,15077.409267425537
realm,realm-cocoa,12243,20130.52463531494
influxdata,influxdb,49147,19949.981212615967
MengTo,Spring,254,16500.516653060913
github,hub,3333,17772.786140441895
Shopify,dashing,209,19265.129327774048
janl,mustache.js,830,17715.257167816162
jaredhanson,passport,617,16493.65520477295
jmcunningham,AngularJS-Learning,734,17694.430351257324
facebook,jest,6981,21136.76953315735
julycoding,The-Art-Of-Programming-By-July,3690,21236.754417419434
visionmedia,superagent,1879,17905.813932418823
chriskempson,tomorrow-theme,434,16486.297845840454
requirejs,requirejs,1409,19098.044872283936
shadowsocks,shadowsocks-windows,1718,17895.2054977417
cmderdev,cmder,1644,17926.896572113037
yabwe,medium-editor,2621,18067.857265472412
Mashape,kong,9791,20797.73259162903
mattermost,platform,17347,20306.708335876465
Mantle,Mantle,1286,18093.892574310303
jessesquires,JSQMessagesViewController,1710,18484.342575073242
cockroachdb,cockroach,85746,19137.017488479614
spf13,spf13-vim,951,18832.919597625732
angular,angular-cli,14000,20157.80806541443
Marak,faker.js,749972,453.5069465637207
CoderMJLee,MJRefresh,403,18810.54925918579
avajs,ava,2003,18180.847883224487
jfeinstein10,SlidingMenu,336,13843.059301376343
developit,preact,5401,20668.907642364502
git-tips,tips,402,19138.174772262573
NativeScript,NativeScript,7295,18878.62753868103
inconshreveable,ngrok,328,18874.873161315918
donnemartin,interactive-coding-challenges,790,16584.04803276062
loverajoel,jstips,450,18543.378114700317
RubaXa,Sortable,1083,19460.029363632202
cocos2d,cocos2d-x,37361,17006.813764572144
gin-gonic,gin,1698,16758.58759880066
infernojs,inferno,6229,19038.83147239685
chrisbanes,PhotoView,462,19290.839433670044
yiisoft,yii2,20268,15415.278196334839
magicalpanda,MagicalRecord,1083,17707.49807357788
netty,netty,11261,19190.977334976196
substack,stream-handbook,749972,463.7031555175781
JacksonTian,fks,219,18978.199243545532
elixir-lang,elixir,19601,19308.181524276733
wsargent,docker-cheat-sheet,432,16571.969509124756
jquery,jquery-mobile,13114,12856.987237930298
vapor,vapor,5732,19575.91223716736
Netflix,Hystrix,2119,19337.07880973816
SnapKit,SnapKit,530,15164.089679718018
drone,drone,4098,19556.653261184692
jquery,jquery-ui,7294,18921.67067527771
nolimits4web,Framework7,6979,21153.33390235901
sass,sass,675,19312.674045562744
gatsbyjs,gatsby,21547,14777.364730834961
adobe-webplatform,Snap.svg,428,16443.390130996704
philipwalton,solved-by-flexbox,367,17553.38954925537
octocat,Spoon-Knife,3,18578.073263168335
alcatraz,Alcatraz,764,19040.843963623047
pandas-dev,pandas,33353,16850.68416595459
VerbalExpressions,JSVerbalExpressions,613,16739.155769348145
fbsamples,f8app,68,16453.988313674927
google,guetzli,145,19149.235010147095
bang590,JSPatch,407,18859.790563583374
wekan,wekan,10797,18058.66837501526
erikras,react-redux-universal-hot-example,970,16639.561891555786
docker,compose,4405,18221.9021320343
jlund,streisand,1424,12776.615142822266
loopj,android-async-http,899,16673.912525177002
google,styleguide,502,19521.252870559692
xdissent,ievms,112,18762.669801712036
selectize,selectize.js,1141,16798.60544204712
amazeui,amazeui,1279,18021.907329559326
SVProgressHUD,SVProgressHUD,781,17583.107948303223
uikit,uikit,6116,16619.336128234863
phanan,htaccess,156,15111.846208572388
browserstate,history.js,283,17838.959217071533
uxsolutions,bootstrap-datepicker,1680,19885.088682174683
foreverjs,forever,689,21198.928117752075
phoenixframework,phoenix,7912,16783.132553100586
airbnb,enzyme,2012,20987.930059432983
kdn251,interviews,445,16382.8706741333
facebookresearch,fastText,385,17748.84080886841
jwagner,smartcrop.js,130,19151.775360107422
addyosmani,backbone-fundamentals,1357,18143.075704574585
marcuswestin,store.js,399,19106.684684753418
benweet,stackedit,323,18943.301677703857
yaronn,blessed-contrib,408,19487.532377243042
ReactiveX,RxSwift,3665,19080.909729003906
rollup,rollup,5368,16641.401767730713
google,leveldb,434,16532.509803771973
aurelia,framework,846,19035.362005233765
alebcay,awesome-shell,657,17801.904916763306
mobxjs,mobx,3233,19217.848539352417
DrkSephy,es6-cheatsheet,154,15107.712268829346
LightTable,LightTable,1313,19099.20835494995
Carthage,Carthage,4353,11594.150304794312
facebook,prepack,1596,18807.71780014038
capistrano,capistrano,1701,16891.295433044434
cubiq,iscroll,92,17649.089574813843
Developer-Y,cs-video-courses,344,14018.532037734985
nsqio,nsq,2270,18040.818452835083
gionkunz,chartist-js,860,19038.002729415894
AllThingsSmitty,css-protips,367,17637.932062149048
servo,servo,46605,20206.517696380615
imathis,octopress,857,19409.06071662903
tootsuite,mastodon,14417,19544.732570648193
tldr-pages,tldr,12356,18092.93293952942
mysqljs,mysql,1378,19841.317176818848
petehunt,webpack-howto,50,18665.032386779785
rbenv,rbenv,791,16493.556261062622
composer,composer,12240,18878.392457962036
thedillonb,CodeHub,593,20712.548971176147
sampotts,plyr,2294,19251.940488815308
keen,dashboards,279,17892.08936691284
markerikson,react-redux-links,401,18728.126525878906
cjwirth,awesome-ios-ui,61,16202.497959136963
hashicorp,consul,20582,18721.738576889038
CocoaPods,CocoaPods,9476,13307.516098022461
amix,vimrc,481,19044.532775878906
alibaba,fastjson,3983,14164.910554885864
playframework,playframework,13166,18149.461030960083
nicklockwood,iCarousel,250,16328.85193824768
lgvalle,Material-Animations,76,16508.872270584106
dimsemenov,Magnific-Popup,319,19341.540813446045
go-martini,martini,591,19190.760374069214
androidannotations,androidannotations,2934,18564.42165374756
ViccAlexander,Chameleon,342,15075.573444366455
localForage,localForage,1124,19234.654664993286
donnemartin,data-science-ipython-notebooks,543,17667.352199554443
vim,vim,18396,19602.81252861023
angular,material2,11074,22153.618097305298
sinatra,sinatra,4575,17886.72161102295
Bilibili,flv.js,431,16432.257652282715
vim-airline,vim-airline,2741,19168.039321899414
alsotang,node-lessons,258,16287.7516746521
equinusocio,material-theme,1007,19435.120820999146
parkjs814,AlgorithmVisualizer,3,19210.652112960815
guzzle,guzzle,3659,18190.645217895508
WordPress,WordPress,48365,17172.635555267334
junegunn,fzf,2436,17821.942567825317
ruanyf,jstraining,94,17699.47576522827
lkzhao,Hero,558,19465.607404708862
facebook,osquery,6372,17036.114931106567
buunguyen,octotree,718,13988.852739334106
GoogleChrome,lighthouse,5874,17991.431713104248
hackiftekhar,IQKeyboardManager,1220,20217.053174972534
sorrycc,awesome-javascript,802,16415.907382965088
chenglou,react-motion,809,16555.23419380188
FormidableLabs,webpack-dashboard,277,17850.915908813477
WickyNilliams,headroom.js,218,18974.186182022095
strongloop,loopback,2416,16661.376237869263
begriffs,postgrest,2523,19449.132204055786
chrissimpkins,Hack,1361,19220.506191253662
tpope,vim-pathogen,166,15199.111700057983
php-fig,fig-standards,3060,21049.18122291565
CocoaLumberjack,CocoaLumberjack,2292,19048.79665374756
scottjehl,picturefill,805,16557.612419128418
Tencent,tinker,825,17933.681964874268
lukasz-madon,awesome-remote-job,1070,13990.810871124268
davezuko,react-redux-starter-kit,1013,17886.77740097046
google,gson,1886,16910.374402999878
DmitryBaranovskiy,raphael,486,19057.732105255127
alibaba,dubbo,7110,20430.201053619385
ptmt,react-native-macos,13041,16859.516143798828
nickbutcher,plaid,1277,17679.84938621521
stedolan,jq,1616,16694.319009780884
hemanth,functional-programming-jargon,296,17713.57226371765
luanfujun,deep-photo-styletransfer,93,17618.658304214478
gorhill,uBlock,11343,19341.220140457153
hzlzh,Best-App,288,17587.952613830566
google,fonts,6266,19190.42205810547
geekcompany,ResumeSample,26,17568.6616897583
peachananr,onepage-scroll,54,18854.48145866394
thomaspark,bootswatch,2262,17996.642112731934
facebook,relay,9085,19684.98969078064
pouchdb,pouchdb,5045,19929.696559906006
JakeWharton,ViewPagerIndicator,241,16403.371572494507
binux,pyspider,1181,17871.05655670166
petehunt,react-howto,172,15374.05276298523
airbnb,lottie-ios,1247,15394.795894622803
sindresorhus,quick-look-plugins,56,18795.647859573364
Tencent,mars,1705,16567.36969947815
nathanmarz,storm,1764,20008.934259414673
PHPMailer,PHPMailer,2313,15425.675630569458
allenwong,30DaysofSwift,148,18809.53288078308
rapid7,metasploit-framework,71743,19230.376958847046
you-dont-need,You-Dont-Need-JavaScript,170,15233.840465545654
fxsjy,jieba,523,15327.171802520752
HubSpot,youmightnotneedjquery,404,19042.86241531372
jgm,pandoc,16891,17942.65913963318
reactnativecn,react-native-guide,157,15488.708019256592
abhishekbanthia,Public-APIs,731,19240.21053314209
android10,Android-CleanArchitecture,248,16355.73935508728
gabrielecirulli,2048,180,18192.890644073486
BrowserSync,browser-sync,2094,18003.259897232056
Automattic,wp-calypso,61946,19014.739274978638
sqlmapproject,sqlmap,10100,16744.295597076416
JohnCoates,Aerial,1370,18068.718671798706
marcuswestin,WebViewJavascriptBridge,464,18039.16335105896
Hack-with-Github,Awesome-Hacking,115,17956.28809928894
pockethub,PocketHub,3512,16522.00198173523
onevcat,Kingfisher,2641,19122.71237373352
jessepollak,card,505,19056.19716644287
JuliaLang,julia,55313,17568.572998046875
robbiehanson,CocoaAsyncSocket,576,18772.584676742554
facebook,folly,11967,16805.71460723877
fgnass,spin.js,324,18862.417221069336
dzenbot,DZNEmptyDataSet,454,17894.60015296936
paularmstrong,normalizr,455,17731.81438446045
nagadomi,waifu2x,756,18935.917854309082
hashicorp,terraform,31632,18492.631673812866
karma-runner,karma,2843,18100.025177001953
fabric,fabric,1604,15511.433601379395
pingcap,tidb,21728,16020.038604736328
maxwellito,vivus,174,17168.28942298889
fffaraz,awesome-cpp,1707,16275.187492370605
xgrommx,awesome-redux,777,18816.904306411743
yeoman,yeoman,1110,19857.131719589233
sdelements,lets-chat,1489,19122.562646865845
janpaepke,ScrollMagic,669,19651.21603012085
thoughtbot,paperclip,1973,15482.79094696045
PHPOffice,PHPExcel,1274,17871.034860610962
niklasvh,html2canvas,1066,13844.412326812744
bailicangdu,vue2-elm,511,15163.351058959961
containous,traefik,4774,20634.095668792725
kevinzhow,PNChart,528,15238.689184188843
phacility,phabricator,17076,20507.073640823364
brillout,awesome-react-components,919,17639.130115509033
keon,algorithms,954,18872.69353866577
powerline,fonts,202,17724.141836166382
redux-saga,redux-saga,1940,19045.73369026184
spree,spree,24827,19439.165830612183
kesenhoo,android-training-course-in-chinese,1625,17779.07109260559
ramda,ramda,2994,16472.105026245117
godotengine,godot,57652,18967.638969421387
roots,sage,2567,19102.383136749268
imakewebthings,waypoints,254,16283.004522323608
leereilly,games,648,17544.827938079834
scala,scala,39230,18487.292289733887
crystal-lang,crystal,14793,18162.06121444702
ty4z2008,Qix,1295,18897.066116333008
fullstackio,FlappySwift,74,16463.849782943726
revel,revel,1645,17868.92032623291
AHAAAAAAA,PokemonGo-Map,1,17780.341148376465
onevcat,VVDocumenter-Xcode,330,20057.59835243225
python,cpython,118903,19336.371660232544
NUKnightLab,TimelineJS,995,17710.514783859253
daylerees,colour-schemes,242,16406.260013580322
swagger-api,swagger-ui,6027,15368.766069412231
google,flexbox-layout,370,17996.821641921997
tj,co,299,17762.205123901367
MrRio,jsPDF,2267,19162.102460861206
tpope,vim-fugitive,2148,12618.183612823486
iissnan,hexo-theme-next,1809,17758.88180732727
oxford-cs-deepnlp-2017,lectures,64,16328.957796096802
Microsoft,dotnet,1232,15854.068756103516
systemjs,systemjs,2243,16468.120574951172
gollum,gollum,2484,19204.745531082153
airyland,vux,2630,18060.225248336792
metafizzy,isotope,812,17688.30156326294
AngularClass,angular-starter,1806,19416.690349578857
thejameskyle,the-super-tiny-compiler,13,18946.90489768982
vuejs,vuex,1210,18912.42218017578
so-fancy,diff-so-fancy,701,13721.402406692505
knockout,knockout,1797,14342.01192855835
bmorelli25,Become-A-Full-Stack-Web-Developer,53,18912.267923355103
aFarkas,html5shiv,276,17674.74412918091
navasmdc,MaterialDesignLibrary,74,17075.910806655884
carhartl,jquery-cookie,237,18748.234748840332
chrisbanes,Android-PullToRefresh,477,17683.03942680359
hehonghui,android-tech-frontier,1704,16577.508687973022
Rochester-NRT,RocAlphaGo,749972,461.40360832214355
reactjs,react-redux,1205,20553.020000457764
irungentoo,toxcore,3771,18964.92624282837
stylus,stylus,4114,19174.606561660767
thoughtbot,bourbon,1216,19208.73498916626
ochococo,Design-Patterns-In-Swift,182,17507.267951965332
kangax,fabric.js,4816,18156.117916107178
daimajia,AndroidSwipeLayout,175,15326.364994049072
joewalnes,websocketd,320,19233.737468719482
shichuan,javascript-patterns,360,18243.418216705322
handsontable,handsontable,7943,18178.9493560791
tj,commander.js,1212,19215.104818344116
apenwarr,sshuttle,414,19772.577047348022
gztchan,awesome-design,215,18997.27463722229
vim-syntastic,syntastic,2676,15517.875909805298
styled-components,styled-components,3561,18130.265474319458
mgonto,restangular,837,18280.22313117981
phalcon,cphalcon,16698,17206.552743911743
scrooloose,nerdtree,1323,17891.03078842163
audreyr,favicon-cheat-sheet,91,18783.567190170288
xitu,gold-miner,11438,19489.662170410156
goldfire,howler.js,894,15275.25520324707
encode,django-rest-framework,8715,19532.469511032104
slimphp,Slim,4454,16935.641288757324
slimphp,Slim,4454,16452.757835388184
ruby-grape,grape,2605,16631.63471221924
CosmicMind,Material,2498,14354.656457901001
sahat,satellizer,2116,18984.70640182495
javve,list.js,811,17982.1834564209
sindresorhus,pageres,400,18872.061252593994
liaohuqiu,android-Ultra-Pull-To-Refresh,182,17495.08500099182
google,xi-editor,2115,21030.38263320923
Flipboard,FLEX,1250,16516.38436317444
airbnb,react-sketchapp,780,19579.587936401367
chriso,validator.js,2221,17890.22183418274
hapijs,hapi,5739,19196.00486755371
realm,realm-java,8984,19364.872694015503
WhisperSystems,Signal-Android,13386,19149.58119392395
mitmproxy,mitmproxy,10394,15384.721994400024
koalaman,shellcheck,1912,17478.448152542114
NodeRedis,node_redis,1928,20505.115509033203
greenrobot,greenDAO,883,15207.305431365967
paperjs,paper.js,7403,17848.520517349243
google,flatbuffers,3004,17980.061531066895
Matt-Esch,virtual-dom,412,18854.508876800537
CymChad,BaseRecyclerViewAdapterHelper,1466,17703.55248451233
googlesamples,android-UniversalMusicPlayer,452,19832.800149917603
guillaumepotier,Parsley.js,1603,15240.468740463257
facebook,rocksdb,12152,18385.89358329773
eslint,eslint,9107,14009.544372558594
alexjc,neural-doodle,122,19174.766063690186
facebook,Shimmer,79,17956.287384033203
jtoy,awesome-tensorflow,293,17720.609664916992
matryer,bitbar,1057,15437.992334365845
facebook,stetho,588,21283.84780883789
arasatasaygin,is.js,404,19176.60093307495
nodemailer,nodemailer,1027,19251.04594230652
teamcapybara,capybara,4323,20428.80892753601
resque,resque,1788,14135.069847106934
dotnet,coreclr,4,17773.064374923706
yudai,gotty,230,19095.996856689453
shadowsocks,shadowsocks-android,3694,17497.843742370605
moklick,frontend-stuff,463,17732.68985748291
justjavac,awesome-wechat-weapp,602,16564.217567443848
ccampbell,mousetrap,392,18904.42943572998
Idnan,bash-guide,95,17905.75337409973
gaearon,redux-devtools,1256,17166.114330291748
facebook,yoga,2303,19141.698837280273
phanan,koel,2710,19455.390214920044
tmpvar,jsdom,3616,13935.83059310913
atlassian,localstack,305,21752.09641456604
mxcl,PromiseKit,1534,17842.925548553467
fish-shell,fish-shell,17633,16662.683486938477
hacksalot,HackMyResume,784,16467.914819717407
jordansissel,fpm,2298,19355.02028465271
saltstack,salt,118866,18102.779150009155
eczarny,spectacle,685,19159.345149993896
junegunn,vim-plug,693,12843.333959579468
chrisaljoudi,uBlock,2782,18348.098039627075
bbatsov,rubocop,13095,20777.418613433838
slackhq,SlackTextViewController,1181,17984.699964523315
forkingdog,UITableView-FDTemplateLayoutCell,95,30779.23822402954
jquery-validation,jquery-validation,887,15191.743850708008
Homebrew,brew,37002,17008.893251419067
rwaldron,johnny-five,3368,18022.961139678955
exacity,deeplearningbook-chinese,730,17901.225566864014
chmln,flatpickr,2867,20734.351634979248
NetEase,pomelo,951,19081.771850585938
harthur,brain,151,15087.226390838623
winstonjs,winston,1534,17837.953805923462
Netflix,falcor,2183,18232.994079589844
google,grumpy,331,14438.191652297974
HubSpot,offline,338,14077.218770980835
basecamp,trix,2950,18836.248874664307
OpenEmu,OpenEmu,7374,17514.895915985107
afaqurk,linux-dash,864,20348.368406295776
HelloZeroNet,ZeroNet,4033,19402.828216552734
sorin-ionescu,prezto,2022,19027.910947799683
dmlc,xgboost,6565,12926.365375518799
dotnet,roslyn,100862,19532.069444656372
daimajia,AndroidViewAnimations,145,18814.655780792236
ipfs,ipfs,409,19646.5265750885
mikepenz,MaterialDrawer,2523,17817.261695861816
MithrilJS,mithril.js,3652,17802.282333374023
labstack,echo,1703,16596.123456954956
ksoichiro,Android-ObservableScrollView,383,17631.82044029236
powerline,powerline,2857,19189.707040786743
elastic,logstash,10493,16898.764848709106
HannahMitt,HomeMirror,116,17830.24263381958
pyenv,pyenv,3171,16911.149501800537
mperham,sidekiq,4685,20859.323740005493
Grouper,FlatUIKit,282,18078.381061553955
qrohlf,trianglify,254,16331.563472747803
JedWatson,react-select,4224,19352.53667831421
TTTAttributedLabel,TTTAttributedLabel,696,12683.231830596924
zenorocha,alfred-workflows,155,15228.605270385742
Automattic,_s,1387,19725.525856018066
facebookarchive,three20,1778,14116.397142410278
ejci,favico.js,189,17514.681816101074
gothinkster,realworld,929,17749.48763847351
carrierwaveuploader,carrierwave,2629,17956.997394561768
google,WebFundamentals,11329,18264.788389205933
nicolargo,glances,5181,16772.00746536255
elastic,kibana,67379,19337.751626968384
datasciencemasters,go,411,19116.792678833008
mishoo,UglifyJS,3322,18891.567707061768
danialfarid,ng-file-upload,1159,16494.874000549316
DrKLO,Telegram,512,15143.697261810303
FFmpeg,FFmpeg,112189,16449.03874397278
cmusatyalab,openface,735,17877.636671066284
kamens,jQuery-menu-aim,32,18770.6561088562
mwaterfall,MWPhotoBrowser,188,17546.175479888916
docker,kitematic,2335,15551.13410949707
piwik,piwik,29441,17038.090467453003
WebAssembly,design,1425,11540.303468704224
laravel,framework,36196,14612.045288085938
mrmrs,colors,175,15166.824340820312
path,FastImageCache,132,19156.761646270752
veggiemonk,awesome-docker,2917,17921.274185180664
ConnorAtherton,loaders.css,108,17562.469720840454
reactjs,reselect,764,20498.170137405396
activeadmin,activeadmin,8457,16611.84573173523
marmelab,gremlins.js,323,19071.850776672363
buger,goreplay,1310,19268.533945083618
geeeeeeeeek,electronic-wechat,256,16441.009283065796
JakeWharton,ActionBarSherlock,1480,19963.9835357666
chinchang,hint.css,312,18946.725845336914
purifycss,purifycss,304,18819.79465484619
karpathy,convnetjs,89,16396.41571044922
NodeBB,NodeBB,26246,19774.42717552185
uNetworking,uWebSockets,1009,18020.686864852905
Ramotion,animated-tab-bar,409,18974.156856536865
EnterpriseQualityCoding,FizzBuzzEnterpriseEdition,184,17689.15343284607
markets,awesome-ruby,1463,17926.799297332764
nodejitsu,node-http-proxy,1212,22190.882921218872
rstacruz,jquery.transit,228,19994.242906570435
google,traceur-compiler,1730,18174.790382385254
jhipster,generator-jhipster,48146,18471.153497695923
carlhuda,janus,941,20269.655227661133
HubSpot,tether,1657,20882.63463973999
hdodenhof,CircleImageView,160,15101.885795593262
dropbox,zxcvbn,379,18637.484550476074
jacomyal,sigma.js,1652,19319.072246551514
svg,svgo,1376,18134.75465774536
css-modules,css-modules,69,16529.598474502563
philipwalton,flexbugs,187,17682.11269378662
jshint,jshint,2306,19158.772945404053
matthieua,WOW,322,18790.143728256226
winterbe,java8-tutorial,150,19576.70783996582
relax,relax,1816,17897.38416671753
akka,akka,26814,18129.560708999634
raywenderlich,swift-style-guide,338,15165.224552154541
dthree,cash,175,15201.116561889648
senchalabs,connect,3635,17794.350385665894
ocornut,imgui,7550,16761.115550994873
apple,swift-evolution,5291,18818.727731704712
mozilla-mobile,firefox-ios,11876,15826.526165008545
PowerShell,PowerShell,10288,20048.653841018677
spotify,luigi,4085,18101.073265075684
minio,minio,11103,15550.783634185791
ruanyf,es6tutorial,2123,18827.956676483154
home-assistant,home-assistant,66891,20167.279958724976
mxgmn,WaveFunctionCollapse,141,18945.97554206848
kkga,spacegray,233,21535.165548324585
cakephp,cakephp,46523,19878.817558288574
FredrikNoren,ungit,3952,19119.436264038086
mozilla,BrowserQuest,153,15223.693132400513
marionettejs,backbone.marionette,3395,19158.747911453247
javan,whenever,539,15159.471035003662
connors,photon,261,16402.50015258789
rkt,rkt,5569,18111.531734466553
go-kit,kit,1530,18519.35625076294
redox-os,redox,3134,19253.709077835083
clojure,clojurescript,6147,17678.407430648804
nosir,cleave.js,423,16319.674968719482
realm,SwiftLint,6405,18153.63597869873
celery,celery,12329,16881.076335906982
CRYTEK,CRYENGINE,749972,494.3819046020508
babun,babun,986,16617.17653274536
tj,n,779,18931.17880821228
getgrav,grav,7549,16778.68342399597
akveo,blur-admin,472,17674.83425140381
google,ExoPlayer,18864,19197.656631469727
kataras,iris,2724,17940.359115600586
philc,vimium,4812,16424.481630325317
FineUploader,fine-uploader,3645,17681.231021881104
torch,torch7,1337,17201.02572441101
serbanghita,Mobile-Detect,853,18943.346977233887
Aufree,trip-to-iOS,118,17571.971654891968
CoderMJLee,MJExtension,345,14340.359687805176
hashicorp,vault,18252,13253.299713134766
getpelican,pelican,3647,17914.66999053955
reactide,reactide,265,16663.926362991333
gaearon,react-hot-loader,1890,18442.14391708374
graphql,graphql-js,3381,17764.971256256104
mailpile,Mailpile,6300,18471.10939025879
romaonthego,RESideMenu,383,17663.828372955322
atech,postal,385,19325.47616958618
Compass,compass,3536,16632.26819038391
amsul,pickadate.js,832,17627.446174621582
douglascrockford,JSON-js,45,19088.660955429077
mailcheck,mailcheck,172,15187.42322921753
hakimel,Ladda,209,17591.783046722412
TeamStuQ,skill-map,397,18927.588939666748
dangrossman,bootstrap-daterangepicker,824,19417.63949394226
facebook,infer,12693,18199.60331916809
c3js,c3,2061,16536.693811416626
arduino,Arduino,7375,17813.644409179688
rupa,z,214,18690.078735351562
twitter,twemproxy,604,16465.983867645264
odoo,odoo,160940,21767.60697364807
deeplearning4j,deeplearning4j,2716,18243.293523788452
restify,node-restify,1726,17774.585723876953
SeleniumHQ,selenium,30421,17076.213836669922
facebook,SocketRocket,528,16909.181833267212
tmux,tmux,10136,19145.50495147705
coryhouse,react-slingshot,699,12610.733270645142
getredash,redash,7589,17862.154006958008
CodeSeven,toastr,412,18827.63385772705
fullcalendar,fullcalendar,6384,15463.00196647644
zeit,pkg,1138,21183.783769607544
mishoo,UglifyJS2,3322,20036.76676750183
fronteed,icheck,157,16230.615377426147
CEWendel,SWTableViewCell,316,19172.358989715576
iview,iview,3031,18911.280393600464
seajs,seajs,2521,17786.242485046387
ReactiveX,rxjs,5374,18118.021965026855
cjbarber,ToolsOfTheTrade,649,17515.92969894409
hangtwenty,dive-into-machine-learning,350,15054.456949234009
giakki,uncss,656,19130.78260421753
chrisbanes,cheesesquare,29,17806.972980499268
boot2docker,boot2docker,1367,18020.166158676147
libuv,libuv,5222,19020.366191864014
feathersjs,feathers,4004,17740.957498550415
fatih,vim-go,4456,16439.263582229614
dexteryy,spellbook-of-modern-webdev,58,18910.698890686035
facebook,nuclide,15238,18155.322790145874
breakwa11,shadowsocks-rss,749972,451.7407417297363
tmuxinator,tmuxinator,848,18920.623302459717
orhanobut,logger,146,18894.37246322632
alexjc,neural-enhance,102,17688.11583518982
mhinz,vim-galore,387,30775.306463241577
hpneo,gmaps,374,17641.170501708984
guarinogabriel,Mac-CLI,426,16380.086183547974
angular,protractor,1809,18184.29970741272
casperjs,casperjs,2226,16870.551109313965
bendc,frontend-guidelines,20,17870.351791381836
shekhargulati,52-technologies-in-2016,170,15240.120649337769
erikras,redux-form,2066,18023.65207672119
plataformatec,simple_form,2057,17786.508083343506
FelisCatus,SwitchyOmega,620,16430.179119110107
vurtun,nuklear,1712,17796.831607818604
hashicorp,packer,18275,18488.38782310486
mozilla,metrics-graphics,1833,20984.474182128906
255kb,stack-on-a-budget,767,18899.521589279175
louischatriot,nedb,851,18957.664489746094
Famous,famous,932,19244.70067024231
alibaba,druid,6887,19440.84143638611
ubuwaits,beautiful-web-type,432,16363.436698913574
StackExchange,Dapper,1544,19602.119207382202
Mango,slideout,155,15243.822574615479
sitaramc,gitolite,631,17692.895889282227
cyclejs,cyclejs,3130,19295.547008514404
OAI,OpenAPI-Specification,1964,15223.16288948059
h4cc,awesome-elixir,2096,17781.88920021057
git-up,GitUp,456,17774.752855300903
flightjs,flight,500,19554.46434020996
nightwatchjs,nightwatch,2714,18065.707445144653
h2o,h2o,11353,19494.500160217285
nlp-compromise,compromise,5858,18950.267791748047
xing,wysihtml5,166,16287.66918182373
twitter,twemoji,426,16540.93337059021
google,agera,160,15583.555698394775
bazelbuild,bazel,37325,20012.497901916504
thoughtbot,guides,556,17850.2254486084
howdyai,botkit,3574,19412.927627563477
kaminari,kaminari,1669,18972.99814224243
rasbt,python-machine-learning-book,534,15074.082851409912
Quick,Quick,2082,17832.690238952637
sferik,rails_admin,5011,19121.328353881836
NaturalNode,natural,1422,11761.844873428345
SignalR,SignalR,4732,14308.767557144165
morrisjs,morris.js,421,16476.168870925903
akveo,ng2-admin,548,19833.478927612305
aFarkas,lazysizes,854,18943.119764328003
tuupola,jquery_lazyload,41,20412.338972091675
maxogden,art-of-node,207,17710.028886795044
CachetHQ,Cachet,7289,11669.684648513794
alexa,alexa-avs-sample-app,749972,455.5373191833496
Theano,Theano,28132,19442.26884841919
jigish,slate,565,19738.815307617188
jp9000,obs-studio,13437,19424.17812347412
desandro,imagesloaded,261,16409.36326980591
react-toolbox,react-toolbox,2396,19442.485570907593
Microsoft,api-guidelines,768,19810.07480621338
nikitavoloboev,learn-anything,228,20509.549856185913
rethinkdb,horizon,992,18027.787685394287
Kotlin,anko,1064,14052.802562713623
PureLayout,PureLayout,318,18985.831260681152
roughike,BottomBar,770,18804.83317375183
mdo,code-guide,248,16523.8835811615
google,python-fire,287,17958.176374435425
mobile-shell,mosh,1451,17636.728525161743
bodymovin,bodymovin,2418,17842.095375061035
thoughtbot,laptop,397,18872.79176712036
boltdb,bolt,816,17600.234746932983
braziljs,js-the-right-way,725,17538.88201713562
plotly,plotly.js,25466,19230.550527572632
poteto,hiring-without-whiteboards,2029,19128.177404403687
chrisjenx,Calligraphy,309,18944.68903541565
eliangcs,http-prompt,391,20439.02897834778
robertdavidgraham,masscan,706,12597.419500350952
ElemeFE,mint-ui,304,19190.9019947052
lhc70000,iina,3298,19607.442617416382
