Repo,Owner,Z,T_X_n,Percentile_95,MeanInterval(days),SDInterval,Classification,TimeSinceLastCommit(days),Is_Alive,Status,Last_Commit_Date
Kuai-Shua-Questions,350306878,64032394.00000001,4638526.0,7525429.6999999955,30.238753454947485,10180867.062828064,alive,53.686643518518515,False,False,2023-09-08T07:31:14Z
road-runner-quickstart,acmerobotics,17714735.0,873624.0,4508302.350000002,12.270346467391304,2756168.9250972983,alive,10.11138888888889,True,True,2024-02-21T06:07:37Z
lottie-android,airbnb,6212738.0,157247.0,783679.9999999998,1.7139337619581194,434100.0516311644,alive,1.819988425925926,True,True,2024-02-27T01:57:36Z
lottie-ios,airbnb,15959705.000000002,960380.0,961823.8000000004,2.289223113388948,676122.0006354131,alive,11.115509259259259,True,True,2024-02-21T19:39:58Z
qemu_blog,airbus-seclab,24165616.0,13280964.0,21690479.699999996,51.195906635802466,8593245.09555813,alive,153.7148611111111,False,False,2023-11-03T11:07:43Z
ace,ajaxorg,9323013.0,135904.0,245585.29999999993,0.5729471711384984,181912.008682868,alive,1.572962962962963,True,True,2024-02-23T13:09:33Z
awesome-java,akullpp,9444133.0,303519.0,914180.5,2.0581838518182023,644698.3067869414,alive,3.512951388888889,True,True,2024-02-24T10:06:36Z
Alamofire,Alamofire,8360313.000000001,447125.0,966993.5000000001,2.094927559659287,556155.8435044164,alive,5.17505787037037,True,True,2024-02-25T18:32:07Z
QSimpleUpdater,alex-spataru,25583517.0,1578615.0,15120801.999999983,27.920723626938905,5410218.326053352,alive,18.271006944444444,True,verify,2023-12-18T21:00:33Z
test-repo,Alexander-MacDonald,2495195.0,31.0,2000579.9999999995,5.829761574074074,1113324.1982002817,alive,0.0003587962962962963,False,False,2023-11-07T19:47:32Z
org-ql,alphapapa,15324176.000000002,574159.0,939492.9999999973,2.513320210074566,1039562.7235520396,alive,6.645358796296296,True,True,2024-02-22T02:00:39Z
quickbox-lite,amefs,8148720.000000001,465959.0,3361311.0,7.838767149020749,1205540.787946764,alive,5.3930439814814815,True,verify,2024-01-12T09:01:11Z
android-interview-questions,amitshekhariitbhu,42773138.0,2542025.0,2683181.8999999985,6.252183207417582,2570782.8458883986,alive,29.42158564814815,True,True,2024-02-26T10:31:00Z
material2,angular,1662882.0,22104.0,104040.69999999994,0.25583947535562784,62033.84162817506,alive,0.25583333333333336,True,True,2024-02-27T05:56:23Z
redis,antirez,1863002.0,34794.0,180822.60000000003,0.44883518027868896,89511.98191641248,alive,0.40270833333333333,True,True,2024-02-26T10:50:04Z
InterviewQuestions,anujdevopslearn,9555506.0,2143736.0,6129833.8,13.609952819573044,2068202.7546973603,alive,24.811759259259258,False,False,2023-10-07T04:31:04Z
qpid-proton,apache,2923003.0,83306.0,356572.3999999994,0.9122786038216103,182031.58650759564,alive,0.9641898148148148,True,True,2024-02-26T18:13:55Z
classroom-queries-debug-v1,appdev-projects,80982283.0,7788514.0,63331023.0,183.00810570987656,32172694.815201297,alive,90.14483796296297,False,False,2023-11-07T22:59:52Z
msm-queries-v1,appdev-projects,50573372.0,7788500.0,34494914.39999998,82.89910108024691,16632941.723442946,alive,90.14467592592592,False,False,2023-11-07T23:00:40Z
refactoring-msm-queries-1-v1,appdev-projects,43922103.0,7788457.0,25891383.999999974,93.80357947530864,11075441.765885584,alive,90.14417824074074,False,False,2023-11-07T23:01:56Z
refactoring-msm-queries-2,appdev-projects,19391200.0,7788453.0,17567877.799999997,72.86479398148148,6069351.547970404,alive,90.14413194444444,False,False,2023-11-07T23:02:01Z
swift-evolution,apple,1390085.0,5770.0,255318.09999999963,0.5467318708247487,107834.8724162614,alive,0.0667824074074074,True,True,2024-02-27T04:40:22Z
git-quick-stats,arzzen,23070138.0,632820.0,3566106.4500000007,8.831998098544974,2284593.1679363865,alive,7.324305555555555,True,verify,2024-01-10T07:13:40Z
awesome-go,avelino,1765918.0,70596.0,299086.0,0.7325897351963457,133912.1989898141,alive,0.8170833333333334,True,True,2024-02-26T02:01:31Z
quickstart-aws-vpc,aws-quickstart,38804021.0,71664.0,4909709.299999996,14.053160018993353,4226600.0696579525,alive,0.8294444444444444,False,False,2023-10-31T04:05:36Z
quickstart-linux-bastion,aws-quickstart,15988724.000000002,71662.0,1548350.7999999966,3.8932191599151236,1020514.6593260663,alive,0.8294212962962964,False,False,2023-10-31T04:05:38Z
aws-athena-query-federation,awslabs,3609352.0,461077.0,593330.9,1.3492242552711888,279951.0522690366,alive,5.336539351851852,True,True,2024-02-26T19:10:03Z
azure-search-openai-demo,Azure-Samples,2450426.0,69694.0,404753.0,0.8781319598252737,193000.00076974233,alive,0.8066435185185186,True,True,2024-02-24T00:56:48Z
msdocs-python-django-webapp-quickstart,Azure-Samples,18399717.0,2862544.0,8088475.599999993,14.31164146090535,3600620.599861863,alive,33.1312962962963,True,verify,2024-01-08T16:07:39Z
BaconQrCode,Bacon,40950485.0,4863406.0,10489220.0,21.093701529568243,6162994.331544184,alive,56.2894212962963,False,False,2023-09-05T17:03:14Z
QtScrcpy,barry-ran,18710904.0,800649.0,1193824.25,2.498743159344807,1046132.5883480709,alive,9.266770833333334,True,True,2024-02-25T09:56:37Z
ruby-style-guide,bbatsov,7622295.000000001,244256.0,2159835.2999999984,4.420786886874399,879757.6820221484,alive,2.8270370370370372,True,verify,2024-01-13T10:43:31Z
frontend-interview-questions,bcherny,119649978.00000001,24520818.0,33901469.299999975,89.15504126409019,25715154.718118846,alive,283.80576388888886,False,False,2023-01-21T04:39:42Z
bee-queue,bee-queue,48336439.0,165719.0,2119910.2999999993,7.183169613265391,3742903.78969174,alive,1.9180439814814816,True,verify,2023-12-12T01:20:28Z
postgrest,begriffs,2928523.0,92248.0,546015.7999999999,1.3396732441835182,235321.74196522287,alive,1.0676851851851852,True,True,2024-02-27T01:13:28Z
Hunting-Queries-Detection-Rules,Bert-JanP,1692337.0,110688.0,718669.6499999998,2.079428670101553,276618.92871415144,alive,1.281111111111111,True,True,2024-02-26T21:08:59Z
laravel-query-detector,beyondcode,19943864.0,4010038.0,9234908.399999995,17.32214492014951,3647426.927418538,alive,46.41247685185185,True,verify,2023-12-01T20:42:12Z
vue-qr,Binaryify,43397564.0,1979129.0,15828194.5,26.95391546035472,7015647.344602635,alive,22.90658564814815,False,False,2023-10-09T02:14:31Z
jQuery-Store-Locator-Plugin,bjorn2404,36187371.0,2657679.0,4870475.399999996,10.962069654882155,3099496.171083392,alive,30.76017361111111,True,verify,2023-12-11T01:05:01Z
SmtpClient-for-Qt,bluetiger9,154370986.0,2873823.0,10599796.999999996,32.204792258042716,15006360.132500378,alive,33.26184027777778,True,verify,2024-01-09T11:35:39Z
frontend-guidelines-questionnaire,bradfrost,137909864.0,11256353.0,46489525.5,87.7402131869773,28758758.226251084,alive,130.28186342592593,False,False,2023-06-23T17:14:07Z
qwik,BuilderIO,2427659.0,2179.0,104337.0,0.30719318828213876,86039.82012149156,alive,0.025219907407407406,True,True,2024-02-25T21:18:24Z
quickcheck,BurntSushi,74145620.0,1851215.0,1854305.0499999973,5.724278700677802,3346821.6010473953,alive,21.426099537037036,False,False,2023-10-10T13:46:25Z
qtcanpool,canpool,127960977.00000001,120906.0,1577860.8999999953,15.777933838038859,11631652.100472966,alive,1.399375,True,verify,2024-01-18T13:26:22Z
carrierwave,carrierwaveuploader,8725426.0,172304.0,905121.0999999976,2.103360304353328,505886.8389851667,alive,1.9942592592592592,True,True,2024-02-12T13:39:59Z
certbot,certbot,11234277.0,1904.0,150210.6999999998,0.3852848181399631,218157.74569731372,alive,0.022037037037037036,True,True,2024-02-08T21:31:36Z
Chart,chartjs,12444637.0,126710.0,342936.25,0.8665180861715156,309988.0704466691,alive,1.466550925925926,,Error,
cheerio,cheeriojs,22116391.0,72647.0,461920.5,1.5768215340698353,656239.3946857647,alive,0.8408217592592593,True,True,2024-02-27T03:58:05Z
Ros_Qt5_Gui_App,chengyangkj,16505599.000000002,116873.0,2355535.1499999985,7.843410192418982,2321768.9387543146,alive,1.3526967592592594,True,True,2024-02-26T14:45:23Z
QrCodeScan,chentao0707,193643383.0,90865192.0,109651729.8999998,241.07412615740742,60760157.69023333,alive,1051.680462962963,False,False,2020-12-14T07:40:08Z
php-qrcode,chillerlan,23283661.0,189897.0,960227.6499999999,2.705147027587044,1279626.8344709028,alive,2.1978819444444446,True,True,2024-02-16T10:10:16Z
marked,chjj,20585795.0,79054.0,594691.7,1.4031097478779657,564959.6308696234,alive,0.9149768518518518,True,True,2024-02-26T02:52:22Z
quiche,cloudflare,2126957.0,25721.0,419460.799999999,1.0359388938389713,200713.44843222183,alive,0.29769675925925926,True,True,2024-02-22T15:31:31Z
cmder,cmderdev,4572792.0,572235.0,1142390.5,2.250182407684465,493970.134551912,alive,6.623090277777778,True,True,2024-02-06T19:43:29Z
QuickQanava,cneben,11309769.0,197755.0,1227577.0,2.2442091484615156,705268.3816985993,alive,2.2888310185185183,True,True,2024-02-21T15:03:33Z
CocoaLumberjack,CocoaLumberjack,5910183.0,56051.0,1057546.0,2.147179482149468,550216.8523256297,alive,0.6487384259259259,True,True,2024-02-14T09:10:06Z
wsl2-docker-quickstart,codeedu,12161329.0,7263985.0,7802332.249999994,17.57875415943287,2767127.0774354567,alive,84.07390046296297,True,True,2024-02-09T11:19:37Z
quote-server,CodeYourFuture,50049283.0,7741268.0,13437807.199999988,32.91184325396826,8939234.66422632,alive,89.59800925925926,False,False,2023-08-03T09:38:52Z
QDarkStyleSheet,ColinDuquesnoy,22909892.0,535375.0,1932838.399999994,4.772260152696556,1953756.292669788,alive,6.196469907407407,False,verify,2023-11-28T19:48:19Z
quickfixn,connamara,60567346.00000001,434253.0,1018850.2999999996,2.8840583536833537,1684766.9050365733,alive,5.026076388888889,True,True,2024-02-23T22:51:49Z
quickbooks-php,consolibyte,47952982.0,591882.0,2382446.999999999,7.81217567778345,2950760.5487303687,alive,6.8504861111111115,False,False,2023-11-07T16:17:04Z
nvm,creationix,14669989.0,523248.0,919035.4000000001,2.2897441207136238,581443.6226152432,alive,6.056111111111111,True,True,2024-02-13T11:39:07Z
BaseRecyclerViewAdapterHelper,CymChad,20799735.0,139260.0,501657.00000000006,1.8757004478560817,992496.9207962652,alive,1.6118055555555555,True,verify,2024-01-04T09:33:37Z
Q-calculator,CyrilFeng,8260277.000000001,990853.0,1162790.5,3.1540196494204125,1035490.2444114814,alive,11.468206018518519,True,verify,2024-01-15T03:14:00Z
d3,d3,13234425.0,119815.0,339436.0,1.0681167383452488,510613.9172999885,alive,1.3867476851851852,True,True,2024-01-29T16:31:44Z
QuantumultX-Rewrite,deezertidal,1293727.0,4567.0,58029.25,0.1728317462822671,52418.872303567,alive,0.0528587962962963,True,True,2024-02-27T04:47:16Z
jQuery-Autocomplete,devbridge,85441278.0,1811323.0,4012326.1999999997,13.645557915632113,6160933.198206428,alive,20.964386574074073,False,False,2023-10-11T00:51:17Z
preact,developit,3434524.0,13288.0,228155.0,0.5467423808452164,151390.6277946026,alive,0.1537962962962963,True,True,2024-02-22T09:21:01Z
QualityScaler,Djdefrag,3908646.0000000005,318028.0,1372294.0,2.9984605269536555,615441.4071212884,alive,3.68087962962963,True,True,2024-02-07T13:38:58Z
open-source-ios-apps,dkhamsing,2424387.0,32948.0,177689.5999999999,0.4428564302191465,110728.41433565803,alive,0.38134259259259257,True,True,2024-02-26T13:47:15Z
xgboost,dmlc,4092226.0000000005,10141.0,222397.5499999999,0.5368813919659842,102706.35160269742,alive,0.11737268518518519,True,True,2024-02-26T13:07:36Z
compose,docker,11418823.0,47358.0,151508.10000000012,0.4254283054726986,235211.77655025615,alive,0.548125,True,True,2024-02-22T15:21:47Z
dokku,dokku,2155493.0,37782.0,181200.6499999999,0.39877419105463374,104880.74994065471,alive,0.4372916666666667,True,True,2024-02-26T02:32:05Z
Damn-Vulnerable-GraphQL-Application,dolevf,9496095.0,1376648.0,1699131.75,3.8444835521556713,1224586.4063429397,alive,15.933425925925926,True,verify,2024-01-14T01:59:03Z
go-quai,dominant-strategies,1626247.0,105759.0,241841.0,0.549551560543031,122532.52491920351,alive,1.2240625,True,verify,2024-01-17T21:10:23Z
drone,drone,608314.0,25884.0,126093.49999999972,0.28221967694695327,61429.32843908383,alive,0.2995833333333333,True,True,2024-02-27T06:05:42Z
ProvisionQL,ealeksandrov,69471081.0,7465777.0,17976519.599999998,41.13882012527233,9539829.332581474,alive,86.40945601851851,True,True,2024-02-11T16:31:58Z
queue,eapache,160867492.0,17922433.0,26911596.999999963,67.74986424575617,24495345.678431246,alive,207.43556712962962,False,False,2023-04-07T13:32:47Z
free-programming-books,EbookFoundation,1818415.0,21919.0,176959.8,0.40841427462270996,107260.66589096234,alive,0.2536921296296296,True,True,2024-02-25T22:00:32Z
Quake3e,ec-,27468502.0,218170.0,645234.0,1.996878975677287,778901.0884093837,alive,2.5251157407407407,True,True,2024-02-17T21:04:17Z
logstash,elastic,13115292.0,117333.0,219871.94999999998,0.49341424860996885,168872.49046447582,alive,1.3580208333333332,True,True,2024-02-23T13:30:20Z
electron-quick-start,electron,13787237.0,722190.0,1971475.4999999981,7.178048151552287,1222089.4809122405,alive,8.358680555555555,True,True,2024-02-26T21:51:27Z
QuickApp,emonney,42074067.0,1167937.0,6994890.349999999,16.857695714377574,4718879.150321887,alive,13.517789351851851,True,True,2024-02-17T23:19:16Z
qr-code,endroid,12960849.0,2336646.0,3391580.15,8.286888399031811,1531695.6400444515,alive,27.04451388888889,True,verify,2023-12-24T13:47:07Z
neovim-qt,equalsraf,8534065.0,886303.0,1795829.7499999993,3.774830904049654,826559.483166424,alive,10.258136574074074,True,True,2024-02-11T22:01:18Z
quagga2,ericblade,18854012.0,152876.0,902991.8999999975,2.6559598851234076,1014695.1432855275,alive,1.7693981481481482,True,verify,2023-12-18T17:22:17Z
jQuery,ermouth,57040809.0,14630326.0,16291659.799999978,50.51643049695265,10913842.994143061,alive,169.33247685185185,False,False,2018-06-21T05:09:29Z
quick-portfolio,evanca,49063064.0,6456087.0,43646462.59999999,125.45644943019943,17150381.455673553,alive,74.72322916666667,False,False,2023-08-18T06:38:33Z
qifi,evgeni,69012072.0,12723143.0,17339945.79999999,31.968477366255144,9322357.749094363,alive,147.25859953703704,False,False,2023-06-06T17:47:37Z
folly,facebook,1358691.0,18795.0,120757.40000000007,0.34891096561286233,58429.73405776066,alive,0.21753472222222223,True,True,2024-02-27T03:18:49Z
fresco,facebook,2123888.0,13637.0,341373.3999999999,0.8475862391779755,137411.7276329363,alive,0.15783564814814816,True,True,2024-02-26T18:57:34Z
jest,facebook,2698861.0,62355.0,188937.0,0.49232053179087076,107419.52333449243,alive,0.7217013888888889,True,True,2024-02-26T09:59:10Z
react,facebook,1107196.0,8204.0,85596.4,0.2372410549683436,47631.530879445825,alive,0.0949537037037037,True,True,2024-02-26T20:55:23Z
relay,facebook,1106756.0,17507.0,142213.34999999986,0.32705299267084553,63498.291530334034,alive,0.2026273148148148,True,True,2024-02-27T01:50:17Z
rocksdb,facebook,4881432.0,2784.0,148047.44999999998,0.3780220259225969,91987.87870802244,alive,0.03222222222222222,True,True,2024-02-27T00:55:13Z
yoga,facebook,7852643.000000001,94035.0,568779.849999999,1.4948346963263435,413552.92972435016,alive,1.0883680555555555,True,True,2024-02-22T14:00:12Z
keras,fchollet,19399215.0,12414.0,98372.59999999982,0.3170906410601674,230955.8828751143,alive,0.14368055555555556,True,True,2024-02-27T01:11:09Z
feathers,feathersjs,35152864.0,202095.0,434592.0,1.0847752539906232,649496.8782095115,alive,2.3390625,True,True,2024-02-25T05:15:11Z
qtkaifajingyan,feiyangqingyun,7791117.000000001,687133.0,2076164.7500000002,7.538680850812547,978328.501895866,alive,7.952928240740741,True,verify,2024-01-20T02:01:10Z
QWidgetDemo,feiyangqingyun,8312621.000000001,408514.0,2518248.0,5.796207817925347,930640.4335579582,alive,4.7281712962962965,True,True,2024-02-26T02:35:32Z
awesome-cpp,fffaraz,3318474.0,251355.0,821171.7999999996,1.9576916404713025,356986.6485122759,alive,2.909201388888889,True,True,2024-02-25T09:54:29Z
quickstart-android,firebase,11179510.0,2299.0,858075.8500000004,2.280646455036693,499251.66178870306,alive,0.026608796296296297,True,True,2024-02-21T23:56:53Z
quickstart-ios,firebase,4066930.0000000005,8230.0,445763.1999999998,1.0430138806948541,236329.8760833212,alive,0.09525462962962963,True,True,2024-02-24T15:02:20Z
quickstart-js,firebase,10953082.0,43453.0,1112800.0999999992,2.868763084723585,688027.8464356199,alive,0.5029282407407407,True,verify,2024-01-19T21:16:33Z
quickstart-unity,firebase,21203496.0,4763361.0,8503301.5,23.972739614614614,3541103.4650435974,alive,55.13149305555555,True,verify,2024-01-23T22:39:19Z
qFlipper,flipperdevices,12320881.0,254017.0,510578.79999999993,1.3954970731812684,595652.2593623801,alive,2.940011574074074,True,verify,2024-01-10T16:01:40Z
GitQlient,francescmm,7691894.000000001,21423.0,194631.25,0.6497732726985516,282292.25281748024,alive,0.2479513888888889,False,False,2023-11-18T15:09:51Z
Developer_Quiz_Site,freeCodeCamp,14838417.0,12185.0,260129.39999999906,0.8480539532115551,568800.4903351312,alive,0.14103009259259258,True,True,2024-02-16T15:42:52Z
redux-devtools,gaearon,39107076.0,330691.0,689501.3999999999,2.3856173660362487,1337807.8649823845,alive,3.8274421296296297,True,True,2024-02-24T02:31:30Z
QtAwesome,gamecreature,71001236.0,2013168.0,15717968.099999992,40.25716593567251,9509905.326931385,alive,23.300555555555555,True,verify,2023-12-16T07:11:34Z
pelican,getpelican,4763421.0,29352.0,530585.3999999977,1.2929289693524224,312898.46279402944,alive,0.3397222222222222,True,True,2024-01-29T14:06:18Z
redash,getredash,7795633.000000001,29239.0,181403.0,0.4797209260959097,182872.75976164578,alive,0.33841435185185187,True,True,2024-02-26T20:16:54Z
jQRangeSlider,ghusse,131928742.00000001,1046236.0,2013343.0000000002,9.353208813853774,7766344.552916704,alive,12.109212962962962,False,False,2023-10-19T21:22:44Z
gogs,gogits,8595050.0,166900.0,184999.09999999983,0.5972358581535737,265180.42544858454,alive,1.931712962962963,True,True,2024-02-21T02:47:32Z
hugo,gohugoio,2216603.0,26371.0,178625.54999999987,0.47410754634286034,85040.80252683525,alive,0.3052199074074074,True,True,2024-02-26T16:46:48Z
gs-quant,goldmansachs,2528627.0,573912.0,1468387.0,5.898588347483696,477107.15267790615,alive,6.6425,True,True,2024-02-26T11:06:11Z
gollum,gollum,15308484.000000002,113402.0,775960.1499999994,1.989951935571297,709061.592005414,alive,1.312523148148148,True,True,2024-01-31T15:29:45Z
quicklink,GoogleChromeLabs,35700958.0,16834.0,1327980.0999999936,3.9625600834350836,2103639.9863037625,alive,0.19483796296296296,True,True,2024-02-21T04:34:07Z
quilkin,googleforgames,2808561.0,144243.0,808163.25,2.480374616973088,348777.4747574273,alive,1.6694791666666666,True,True,2024-02-26T09:34:49Z
fonts,google,3279090.0,38839.0,248240.79999999865,0.4873648394443017,147106.26621724354,alive,0.449525462962963,True,True,2024-02-26T15:22:04Z
go-querystring,google,52974282.0,14551305.0,28246627.199999984,44.79578264181904,10211413.05849053,alive,168.41788194444445,True,verify,2024-01-26T15:18:20Z
gson,google,18405269.0,630319.0,1156757.0,2.909821274621544,912958.2477533185,alive,7.295358796296297,True,True,2024-02-26T19:17:28Z
guava,google,7695544.000000001,17466.0,341840.09999999974,0.8417064269060559,211270.74766610318,alive,0.20215277777777776,True,True,2024-02-26T19:46:10Z
uBlock,gorhill,1731278.0,11949.0,118651.89999999944,0.2966893496415252,65666.77607676006,alive,0.1382986111111111,True,True,2024-02-26T23:21:19Z
qiniu-wxapp-sdk,gpake,89265003.0,19569932.0,27635495.59999998,60.97568787537538,15937735.052830957,alive,226.5038425925926,False,False,2023-03-19T11:54:28Z
gradle-build-scan-quickstart,gradle,6820897.0,2294699.0,3261307.899999998,11.462244436140177,1236955.7832294449,alive,26.559016203703703,True,True,2024-02-05T07:20:20Z
vue-qrcode-reader,gruhn,32063660.000000004,665755.0,2565866.9999999986,6.506589817483189,2000087.8480596321,alive,7.705497685185185,True,True,2024-02-15T18:36:33Z
grunt,gruntjs,22770888.0,70584.0,704423.7999999996,2.8943372782140777,1449406.6869338753,alive,0.8169444444444445,True,verify,2023-12-06T01:36:47Z
h2ogpt,h2oai,171187.0,6408.0,22585.0,0.05345010856860086,11401.465636274273,alive,0.07416666666666667,True,True,2024-02-27T02:44:16Z
h2o,h2o,4842135.0,74659.0,122985.09999999932,0.2997696723709229,88827.9296727475,alive,0.8641087962962963,True,True,2024-02-22T22:38:38Z
quicly,h2o,9425950.0,145118.0,335356.8,1.0520217137587125,435090.6251381158,alive,1.6796064814814815,True,verify,2023-12-12T13:00:27Z
Front-end-Developer-Interview-Questions,h5bp,15502187.000000002,1126058.0,1986774.75,4.41010176337236,1003061.3907697509,alive,13.033078703703703,True,verify,2024-01-08T16:09:31Z
JS-jQuery-Practice,HackerUSA-CE,31627061.000000004,16684559.0,17111739.299999923,24.62488773148148,7692292.929680125,alive,193.10832175925927,False,False,2023-04-21T21:24:01Z
IQKeyboardManager,hackiftekhar,16240269.000000002,51525.0,1289949.099999999,3.0800820410911305,1011677.9553573945,alive,0.5963541666666666,True,True,2024-02-05T15:32:35Z
reveal,hakimel,14237626.0,148975.0,622010.5999999997,1.47139306413173,427973.090388886,alive,1.7242476851851851,,Error,
handsontable,handsontable,7810343.000000001,121609.0,258688.49999999997,0.5711148013112434,178799.7142807391,alive,1.407511574074074,True,True,2024-02-26T10:10:51Z
docker-qemu-win2000,hectorm,18870080.0,3655683.0,4726676.749999997,10.930780503285543,2905643.8789572655,alive,42.311145833333335,True,verify,2024-01-22T19:29:15Z
hexo,hexojs,9127214.0,37686.0,497770.44999999966,1.123167145351453,372053.2428680337,alive,0.43618055555555557,True,True,2024-02-21T16:20:21Z
touchHLE,hikari-no-yume,1713211.0,14459.0,127129.49999999863,0.3131830330799403,89709.75059215447,alive,0.16734953703703703,True,True,2024-02-26T22:04:42Z
awesome-model-quantization,htqin,29302739.0,201336.0,2175461.9999999953,6.730559922330755,2271513.6408837633,alive,2.330277777777778,True,True,2024-02-16T15:06:10Z
quark-h5,huangwei9527,40781164.0,4652606.0,30753040.0,40.48786408730159,9774323.962634537,alive,53.84960648148148,True,verify,2023-12-15T02:47:03Z
hubot,hubotio,40399078.0,593121.0,598671.8500000001,1.9671296091263983,1332310.8269331837,alive,6.864826388888889,True,True,2024-02-17T23:40:42Z
tether,HubSpot,17553588.0,134795.0,604885.65,2.195627543524063,903868.1836254568,alive,1.560127314814815,True,True,2024-02-26T10:58:13Z
quake2-rerelease-dll,id-Software,4920938.0,2438214.0,4920938.0,56.955300925925926,,alive,28.220069444444444,False,False,2023-10-03T18:43:06Z
java-design-patterns,iluwatar,9379615.0,314299.0,399534.79999999946,0.9448945177285061,328743.87491615786,alive,3.6377199074074076,True,True,2024-02-25T12:47:19Z
qttabbar,indiff,20772729.0,1639507.0,1870587.2,4.870031913309508,1716114.696105082,alive,18.975775462962964,True,True,2024-02-26T07:17:53Z
inferno,infernojs,7855957.000000001,99124.0,128956.39999999979,0.5110932988575256,250864.69539559906,alive,1.1472685185185185,True,True,2024-02-04T19:51:31Z
quero-ser,intelitrader,41082354.0,2971553.0,12494420.049999999,38.05868308738426,7765087.39709544,alive,34.392974537037034,False,False,2023-09-27T14:34:07Z
lab-advance-querying-mongo,ironhack-labs,36039549.0,26118969.0,29292121.5,57.132777777777775,9717860.985988518,alive,302.30288194444444,False,False,2023-01-02T16:43:51Z
quartz,jackyzha0,4487515.0,11171.0,477150.79999999976,1.1137389969135802,295505.04370753426,alive,0.12929398148148147,True,True,2024-02-26T21:55:47Z
httpie,jakubroztocil,8208982.000000001,628590.0,1086950.5999999973,2.40225444423555,713089.7404491188,alive,7.275347222222222,False,False,2023-10-24T17:23:30Z
awesome-mac,jaywcjlove,2611282.0,303167.0,650082.7499999999,1.363508665716999,252406.44296863442,alive,3.5088773148148147,True,True,2024-02-26T05:10:38Z
jekyll,jekyll,5652572.0,25914.0,168797.04999999976,0.46951860879867213,184999.0651786143,alive,0.29993055555555553,True,True,2024-02-13T04:19:22Z
queueing-theory,joelparkerhenderson,74877917.0,3990036.0,41039669.5999999,67.78559629629629,17467281.06121849,alive,46.18097222222222,False,False,2023-09-15T19:39:24Z
query-monitor,johnbillion,23045576.0,84754.0,538481.25,1.2861531824943668,585905.6808175485,alive,0.9809490740740741,True,True,2024-02-21T23:05:20Z
awesome-machine-learning,josephmisiti,3002726.0,116904.0,761185.0,1.7852956411830032,316015.0039883232,alive,1.3530555555555555,True,True,2024-02-26T15:22:39Z
quantmod,joshuaulrich,12783231.0,2777732.0,3356648.599999998,6.631717585076959,1540417.4562771106,alive,32.149675925925926,True,True,2024-02-21T21:50:38Z
fzf,junegunn,5830792.0,34213.0,563523.1999999993,1.4748362842092697,308398.0270732383,alive,0.3959837962962963,True,True,2024-02-25T00:01:35Z
qtconsole,jupyter,125814870.00000001,1068672.0,1137111.199999998,3.4198086514573967,2957459.872231877,alive,12.36888888888889,False,False,2023-11-25T20:30:31Z
coding-interview-university,jwasham,3498195.0,113991.0,745342.0999999979,1.6463469208474402,352235.9740363289,alive,1.3193402777777778,True,True,2024-02-23T02:37:57Z
developer-roadmap,kamranahmedse,15571917.000000002,42154.0,172475.49999999997,0.633256135500528,371668.952246496,alive,0.48789351851851853,True,True,2024-02-26T12:43:32Z
fabric,kangax,5132634.0,264762.0,426520.29999999993,1.0113779924033466,235725.17249346874,alive,3.064375,,Error,
iris,kataras,2484698.0,136843.0,409797.09999999823,0.9886230569072723,203134.64169285414,alive,1.5838310185185185,True,verify,2024-01-22T13:35:09Z
qart,kciter,90201551.0,11028250.0,11461029.150000002,25.465772946859904,9972667.301357303,alive,127.6417824074074,,Error,
cxx-qt,KDAB,2002508.0000000002,23166.0,356869.5,0.8811675691688712,190603.00770910113,alive,0.268125,True,True,2024-02-23T15:25:39Z
rust-qt-binding-generator,KDE,31377221.000000004,685796.0,1928868.899999998,4.95243363188897,1702830.273126965,alive,7.937453703703704,True,True,2024-02-27T02:19:04Z
40-questions,kepano,30753591.000000004,142576.0,9128444.799999997,20.677221541394335,5170938.775512396,alive,1.6501851851851852,True,verify,2024-01-04T16:47:58Z
QuestionWechatApp,kesixin,19538799.0,82147.0,2177497.9999999898,6.749739011491729,1835733.6855514974,alive,0.950775462962963,True,True,2024-02-27T01:08:00Z
keycloak-quickstarts,keycloak,15759522.000000002,1937169.0,2408858.3499999996,7.460939504448583,1421555.7801615153,alive,22.4209375,True,True,2024-02-22T08:37:08Z
awesome-selfhosted,Kickball,1823747.0,112536.0,229804.5,0.4794245910529934,108001.92269820743,alive,1.3025,True,True,2024-02-23T17:47:12Z
ngx-quill,KillerCodeMonkey,3973597.0000000005,550955.0,597245.75,1.6137246124237266,362596.37986099796,alive,6.376793981481481,True,True,2024-02-26T08:44:05Z
RoslynQuoter,KirillOsenkov,38517605.0,3986020.0,13383517.999999998,22.004319125159643,5181612.23963798,alive,46.13449074074074,False,False,2023-09-15T20:46:20Z
mermaid,knsv,8128774.000000001,35860.0,124456.75000000019,0.367351312487577,194726.74679630765,alive,0.4150462962962963,True,True,2024-02-27T06:23:22Z
koa,koajs,14447872.0,39034.0,1301043.599999998,3.1453548308329426,928398.230697494,alive,0.4517824074074074,True,verify,2024-01-17T02:02:10Z
qss,kosukeimai,24675843.0,864096.0,4870966.249999994,9.120337216923248,2643562.2838247726,alive,10.001111111111111,False,False,2023-10-21T23:58:24Z
LeetCode-Questions-CompanyWise,krishnadey30,29545500.0,18469331.0,28274848.099999998,120.3263599537037,12890530.829648737,alive,213.7654050925926,False,False,2023-04-01T05:37:49Z
backend-interview-question,ksundong,13408125.0,816122.0,4109051.8499999894,6.105659207818929,1746209.530708412,alive,9.445856481481481,True,verify,2023-12-17T08:57:45Z
echo,labstack,3956838.0000000005,625667.0,766021.5,1.851710873388042,389375.90220167435,alive,7.2415162037037035,True,True,2024-02-18T13:47:13Z
QuickNovel,LagradOst,7932732.000000001,854797.0,1314728.1499999997,2.905523012402835,803099.9166955628,alive,9.893483796296296,True,True,2024-02-11T22:32:20Z
questions-answers,LandmakTechnology,5332812.0,1036749.0,2523863.699999999,4.562008880876069,874255.7595621698,alive,11.999409722222222,True,True,2024-02-08T20:05:29Z
laravel,laravel,3010614.0,30857.0,324145.99999999924,0.6538770724345807,152448.45656970813,alive,0.3571412037037037,True,True,2024-02-13T17:09:01Z
Stock_Analysis_For_Quant,LastAncientOne,2375634.0,36648.0,217021.0,0.7637200972824012,129901.23290028282,alive,0.4241666666666667,True,True,2024-02-26T15:07:04Z
QuestPatcher,Lauriethefish,10971279.0,368782.0,439467.89999999997,1.8088386200439772,822884.5086464357,alive,4.268310185185185,True,True,2024-02-05T14:04:46Z
QuantLib-SWIG,lballabio,21564288.0,964272.0,1223382.6999999988,3.0332150859915794,763589.7342393992,alive,11.160555555555556,True,True,2024-02-22T14:50:09Z
Leaflet,Leaflet,7580146.000000001,128122.0,253054.69999999925,0.6223323707252048,197497.80869515784,alive,1.4828935185185186,True,True,2024-02-26T13:03:27Z
dsc-sql-interview-questions-lab,learn-co-curriculum,70855149.0,5391443.0,54552697.5,147.74718434343433,22243209.425701987,alive,62.40096064814815,False,False,2023-08-30T14:22:37Z
queue-with-nodes,learn-co-curriculum,41583843.0,26016285.0,33997292.39999998,100.69596726190476,15673563.752807293,alive,301.1144097222222,False,False,2023-01-03T21:15:15Z
quicksort,learn-co-curriculum,41584100.0,26016284.0,31295685.649999976,73.48391203703704,13685489.514742272,alive,301.11439814814815,False,False,2023-01-03T21:15:16Z
what-is-a-queue,learn-co-curriculum,41645869.0,26016264.0,26337048.25,48.620786313657405,11293861.512843074,alive,301.1141666666667,False,False,2023-01-03T21:15:36Z
mojs,legomushroom,32557772.000000004,356568.0,461961.1999999994,1.8345915204809438,1117380.4695627484,alive,4.126944444444445,True,True,2024-02-02T22:33:36Z
seqtk,lh3,36160967.0,14268769.0,17465760.09999999,31.337440883190883,6089025.828788403,alive,165.14778935185186,False,False,2023-05-19T20:27:11Z
QFramework,liangxiegame,129603587.00000001,315269.0,1761060.599999996,10.698647414182476,9051482.168552682,alive,3.648946759259259,True,verify,2024-01-04T07:07:26Z
libuv,libuv,2952285.0,103383.0,351453.39999999985,0.8772037222257502,162669.7706076795,alive,1.1965625,True,True,2024-02-23T19:15:03Z
docker-qbittorrent,linuxserver,7386290.0,234402.0,1210239.55,4.803861016628874,743382.7760766154,alive,2.7129861111111113,True,True,2024-02-25T06:55:43Z
qpth,locuslab,86032185.0,5283920.0,6747167.099999987,15.413745669056151,7321122.987196368,alive,61.15648148148148,False,False,2023-08-31T20:14:40Z
vector-quantize-pytorch,lucidrains,27768710.0,725986.0,1400154.5,5.445972273434939,2144085.646439929,alive,8.40261574074074,True,True,2024-02-18T13:48:32Z
qtermwidget,lxqt,17679345.0,562251.0,2714935.5999999926,7.522957421216349,1478901.7626542966,alive,6.507534722222222,True,True,2024-02-17T10:25:23Z
javascript-questions,lydiahallie,8216003.000000001,399716.0,518866.7500000001,1.173290878066025,454570.11896787584,alive,4.626342592592593,False,False,2023-11-17T10:18:06Z
quine-relay,mame,20481206.0,12026.0,5048076.999999983,7.753193991027109,2323513.1209806306,alive,0.13918981481481482,False,False,2023-10-31T20:39:34Z
QLVideo,Marginal,46858013.0,2365671.0,9249225.0,15.234792190380427,4992651.283255313,alive,27.38045138888889,False,False,2023-10-10T15:42:59Z
awesome-ruby,markets,6603718.0,84853.0,1099219.1000000003,2.3220832781059864,621397.1346969948,alive,0.9820949074074075,True,True,2024-02-22T10:05:06Z
qUINT,martymcmodding,58816629.0,8773167.0,10005402.7,28.515861992945325,7844647.244030936,alive,101.54128472222222,False,False,2023-07-22T11:00:33Z
kong,Mashape,1124854.0,21085.0,149695.19999999984,0.33001197475104294,64310.27447052379,alive,0.24403935185185185,True,True,2024-02-27T05:52:01Z
hibernate-criteria-query,mate-academy,18139110.0,1603539.0,11967469.749999996,29.50551017300195,4583999.95773824,alive,18.559479166666666,False,False,2023-10-13T10:34:21Z
jv-multithreading-blocking-queue,mate-academy,42076841.0,14916912.0,31254579.799999975,89.554623015873,15310952.441941028,alive,172.64944444444444,False,False,2023-05-12T08:24:48Z
qa_cypress_e2e_book_store,mate-academy,14439775.0,3676926.0,14045154.0,42.66175861625514,5257688.136354637,alive,42.55701388888889,False,False,2023-09-19T10:37:54Z
qa_cypress_e2e_intro,mate-academy,21088171.0,9735989.0,16359794.199999988,40.76880163817664,6537570.436930663,alive,112.68505787037037,False,False,2023-07-11T07:33:31Z
qa_cypress_e2e_simple_auth,mate-academy,22747952.0,9735289.0,22603771.6,88.42909979423868,9335743.176336763,alive,112.67695601851852,False,False,2023-07-11T07:45:11Z
qa_cypress_e2e_student_registration_form,mate-academy,22908099.0,9735110.0,17785830.999999996,88.4274074074074,6891228.849392628,alive,112.67488425925926,False,False,2023-07-11T07:48:10Z
atomic_queue,max0x7ba,19629917.0,1550715.0,2295016.149999995,4.13004474619709,1428609.363416379,alive,17.948090277777776,True,True,2024-02-22T23:42:13Z
Queryable,mazzzystar,5228527.0,309668.0,432138.79999999946,1.855916473765432,697330.2330889683,alive,3.5841203703703703,True,True,2024-02-07T06:42:37Z
meta-qt5,meta-qt5,4870043.0,653263.0,1110436.7500000007,3.0622679539295397,484846.57511034125,alive,7.560914351851852,True,True,2024-01-31T13:09:46Z
qryn,metrico,22898716.0,22845.0,368209.6499999999,1.2465898376369329,800539.0917341756,alive,0.2644097222222222,True,True,2024-02-20T09:01:55Z
caddy,mholt,1290628.0,21266.0,357664.0,0.930234352569624,143989.04239494872,alive,0.24613425925925925,True,True,2024-02-25T21:13:48Z
awesome-qt-qml,mikalv,23024323.0,3674192.0,12170136.0,28.11633101851852,4633471.328019458,alive,42.52537037037037,False,False,2023-09-19T11:23:28Z
minio,minio,780464.0,16164.0,98658.24999999997,0.2933273170453644,44128.75849795312,alive,0.18708333333333332,True,True,2024-02-27T00:01:20Z
mitmproxy,mitmproxy,16274335.000000002,21759.0,172435.5,0.4807967689978904,226287.21225445566,alive,0.2518402777777778,True,True,2024-02-20T08:59:35Z
mobx,mobxjs,4138007.0000000005,196896.0,418737.99999999994,0.972866875636056,229502.74381820674,alive,2.278888888888889,True,True,2024-02-22T13:16:25Z
QuJing,Mocha-L,23332092.0,10573695.0,19960948.599999998,34.18986181257014,6536722.854671085,alive,122.38072916666667,False,False,2023-07-01T14:51:45Z
mocha,mochajs,18569552.0,21306.0,464428.0,1.2348289312639493,422804.9590697391,alive,0.24659722222222222,True,True,2024-02-22T22:33:00Z
quadplay,morgan3d,5916041.0,333108.0,1220400.5999999994,3.0894717610330633,620900.9878108118,alive,3.8554166666666667,True,verify,2023-12-18T03:59:29Z
firefox-ios,mozilla-mobile,1197363.0,10032.0,94846.94999999998,0.2707855225205829,60566.951333852434,alive,0.11611111111111111,True,True,2024-02-26T19:26:46Z
sidekiq,mperham,3630588.0,23081.0,390931.49999999837,0.9124310730655427,185216.4646750624,alive,0.2671412037037037,True,True,2024-02-27T03:35:54Z
axios,mzabriskie,12050982.0,441919.0,956402.8499999992,2.276757578898437,639719.2520767704,alive,5.11480324074074,True,True,2024-02-16T11:28:57Z
q,natesales,9747199.0,171755.0,1021402.1499999999,2.444051652940629,948623.2005658126,alive,1.9879050925925925,True,verify,2024-01-22T03:21:47Z
natural,NaturalNode,18875328.0,1396959.0,1558559.9,3.1937572226126334,1074236.4740967548,alive,16.168506944444445,True,verify,2023-12-08T07:53:19Z
glances,nicolargo,3218905.0,31249.0,357757.59999999945,0.832555278167716,194878.0835863351,alive,0.36167824074074073,True,True,2024-02-18T08:50:20Z
nightwatch,nightwatchjs,56653807.0,46234.0,560479.0,1.5599282500986837,1141061.6393440512,alive,0.5351157407407408,True,True,2024-02-26T17:05:33Z
nodemailer,nodemailer,9000944.0,720711.0,2060734.1999999988,4.506547377587936,833119.586235094,alive,8.3415625,True,True,2024-02-22T07:46:42Z
Swiper,nolimits4web,6130533.0,479008.0,595165.3999999998,1.1850955249068902,337232.4026328277,alive,5.544074074074074,True,True,2024-02-22T08:39:20Z
nsq,nsqio,15699854.000000002,159845.0,697344.0,1.8358355202802539,607547.5197309193,alive,1.8500578703703703,True,True,2024-02-03T20:43:57Z
QLTools,nuanxinqing123,12255660.0,512613.0,640360.3999999977,2.57861404463219,1120947.0818592939,alive,5.933020833333333,True,verify,2024-01-08T09:43:36Z
Q2RTX,NVIDIA,67904234.0,346505.0,496758.50000000006,1.7687219365024018,1374751.0740379707,alive,4.010474537037037,True,True,2024-02-21T23:23:09Z
nw,nwjs,10515568.0,8472.0,340017.39999999973,0.8664234417790665,215852.0313149396,alive,0.09805555555555556,,Error,
OpenAPI-Specification,OAI,12702656.0,704752.0,717013.6999999982,1.7873801407689414,577721.894500654,alive,8.156851851851853,True,True,2024-02-26T21:12:32Z
data-engineering-interview-questions,OBenner,26128131.0,3220463.0,25817541.5,71.72761574074075,10119466.057213612,alive,37.27387731481482,False,False,2023-09-24T17:25:37Z
queue,OCA,5776006.0,233096.0,1059192.75,2.301808660628494,524794.2385874108,alive,2.6978703703703704,True,True,2024-02-19T14:33:45Z
imgui,ocornut,1751269.0,22931.0,185281.59999999998,0.44564504498745955,92783.9355275572,alive,0.2654050925925926,True,True,2024-02-26T12:33:41Z
querido-diario,okfn-brasil,12792699.0,79914.0,554514.9999999976,1.4521871620106575,592049.1943604357,alive,0.9249305555555556,True,verify,2024-01-22T15:17:11Z
Kingfisher,onevcat,4281010.0,208444.0,533112.25,1.1732880051610124,291297.8657149511,alive,2.4125462962962962,True,True,2024-02-14T15:29:34Z
computer-science,open-source-society,29360617.0,126773.0,1412681.5,3.4288023867091617,1234545.7507909103,alive,1.4672800925925926,True,True,2024-02-18T17:16:58Z
html-query,orf,9481127.0,280642.0,1448579.0,4.6579132433489825,1469128.1868295653,alive,3.248171296296296,True,verify,2023-12-15T21:58:00Z
QCSuper,P1sec,25555281.0,11950147.0,17114537.299999993,23.38253984997656,5291889.010122779,alive,138.31188657407407,True,True,2024-02-08T09:45:57Z
flask,pallets,3255822.0,289027.0,447654.89999999985,0.9563984270522695,206732.1096224326,alive,3.3452199074074076,True,True,2024-02-12T20:50:45Z
Queue,PEPLabs,15712503.000000002,6576985.0,12303804.250000002,37.500287422839506,6152645.970562631,alive,76.12251157407407,False,False,2023-08-16T21:03:35Z
libpg_query,pganalyze,14223715.0,287142.0,4350015.75,7.990037861997636,1997550.9122897028,alive,3.323402777777778,True,verify,2024-01-09T04:54:04Z
pg_query_go,pganalyze,35082515.0,7605302.0,10619366.949999997,21.8105599606136,4989011.6797677735,alive,88.0243287037037,True,verify,2024-01-10T06:27:45Z
vimium,philc,11968298.0,15211.0,371993.4000000015,1.0649847050045915,441864.3300428835,alive,0.17605324074074075,True,True,2024-02-05T06:25:04Z
qoi,phoboslab,4490431.0,999293.0,1045042.1000000017,2.171913700810185,587781.4025935448,alive,11.565891203703703,True,verify,2024-01-18T19:40:14Z
phoenix,phoenixframework,2081632.0000000002,31113.0,193277.0,0.4493724816817824,99158.05576708127,alive,0.36010416666666667,True,True,2024-02-23T08:39:30Z
PHPMailer,PHPMailer,36776017.0,6705.0,923431.0999999993,2.3826095249425014,1265890.4656572728,alive,0.07760416666666667,True,True,2024-01-31T22:05:36Z
quickstart,plaid,11256946.0,452840.0,1828033.000000002,4.182834408782703,1045319.0477225012,alive,5.241203703703704,True,verify,2023-12-19T20:50:43Z
server-bot-quick-start,poe-platform,2308104.0,105382.0,1285196.5000000007,3.9286697706228955,472589.577571028,alive,1.219699074074074,True,True,2024-02-26T21:44:25Z
pouchdb,pouchdb,26287262.0,54559.0,281069.1999999997,0.9638373256361407,505819.05678442377,alive,0.6314699074074074,True,True,2024-02-23T10:50:16Z
PowerShell,PowerShell,2396747.0,3225.0,125109.19999999997,0.3059109302418709,70663.34163795966,alive,0.03732638888888889,True,True,2024-02-26T23:11:19Z
quasar-admin,pratik227,12616684.0,241597.0,5978809.599999997,12.596494598765432,2235630.226346636,alive,2.796261574074074,True,True,2024-01-31T05:02:31Z
pyenv,pyenv,6839945.0,103774.0,619000.6,1.399102457164703,306355.85904217086,alive,1.201087962962963,True,True,2024-02-25T21:07:52Z
qalculate-gtk,Qalculate,76319479.0,226770.0,1257398.0,4.452064378274056,2736960.9770069374,alive,2.624652777777778,True,True,2024-02-19T10:41:58Z
qb-ambulancejob,qbcore-framework,8473923.0,678683.0,839910.699999999,2.714733931270921,711828.8688829755,alive,7.855127314814815,True,True,2024-02-11T11:54:43Z
qb-banking,qbcore-framework,9878612.0,678653.0,3899590.3000000003,6.61647478505291,1348933.4016215084,alive,7.854780092592593,True,True,2024-02-11T11:54:56Z
qb-clothing,qbcore-framework,14484433.0,1522716.0,2422885.1,6.417653276105966,1604772.3145341752,alive,17.624027777777776,True,True,2024-02-11T11:55:32Z
qb-drugs,qbcore-framework,6247472.0,678595.0,2342581.2499999995,5.665133313572719,1058318.8713661104,alive,7.8541087962962965,True,True,2024-02-11T11:56:55Z
qb-garages,qbcore-framework,9980611.0,2602.0,1668984.45,3.9134527874228398,945269.9740300896,alive,0.03011574074074074,True,True,2024-02-11T11:57:03Z
qb-inventory,qbcore-framework,3864713.0000000005,159521.0,1030877.0000000001,2.4603942475940506,535043.6187210655,alive,1.8463078703703704,True,True,2024-02-16T02:40:35Z
qb-radialmenu,qbcore-framework,24968247.0,678400.0,1722435.0999999996,4.565254572893973,1846111.6666670227,alive,7.851851851851852,True,True,2024-02-16T09:33:51Z
qb-shops,qbcore-framework,12094342.0,1248886.0,1908966.2500000002,4.95378111310235,1238473.7184045266,alive,14.454699074074075,True,True,2024-02-11T11:59:45Z
qb-smallresources,qbcore-framework,7904638.000000001,703986.0,930951.0,2.4438714214542627,713990.322060024,alive,8.147986111111111,True,True,2024-02-11T11:59:52Z
qb-vehiclekeys,qbcore-framework,13166457.0,994506.0,1903385.2999999977,4.407615906084656,1181185.6879978937,alive,11.510486111111112,True,True,2024-02-16T08:41:15Z
qb-weapons,qbcore-framework,7306823.0,1530975.0,2435122.6499999994,5.2892793475947215,1100914.6093683094,alive,17.719618055555557,True,True,2024-02-11T12:01:16Z
qdleader,qdleader,2320135.0,40398.0,290393.5,1.3902201348455443,155077.1991181056,alive,0.4675694444444444,True,True,2024-02-26T02:35:53Z
qdrant,qdrant,2315919.0,4540.0,255300.09999999995,0.6372692389455782,146011.4810714981,alive,0.0525462962962963,True,True,2024-02-16T10:29:35Z
qiime2,qiime2,7512083.000000001,1754165.0,2128822.299999995,5.470288653804583,876454.298742138,alive,20.302835648148147,True,True,2024-02-16T21:49:33Z
qshell,qiniu,14172671.0,655254.0,665458.0999999999,1.7649809934934935,645086.1582826548,alive,7.583958333333333,True,True,2024-02-01T09:05:12Z
qiskit-machine-learning,qiskit-community,4861741.0,9258.0,926651.2999999989,2.8808037167557274,447745.34992407466,alive,0.10715277777777778,True,True,2024-02-22T17:18:03Z
qiskit-translations,qiskit-community,2241621.0,9040.0,277627.24999999977,0.7329453944987333,153614.99658707654,alive,0.10462962962962963,True,verify,2024-01-25T19:29:25Z
qiskit-aer,Qiskit,2720615.0,39345.0,525336.6,1.292498030772871,226177.84612513694,alive,0.45538194444444446,True,True,2024-02-20T14:22:33Z
qmk_configurator,qmk,7064515.0,260219.0,686707.5499999998,1.8802497032288699,372472.40707069426,alive,3.0117939814814814,True,verify,2024-01-16T05:05:24Z
qmk_toolbox,qmk,14334061.0,1459139.0,3031930.299999999,6.44122054781727,1495519.2177108293,alive,16.888182870370372,True,True,2024-02-22T10:22:05Z
qpdf,qpdf,17863708.0,22559.0,528225.9999999997,1.7560311369509045,850798.9187907439,alive,0.26109953703703703,True,True,2024-02-24T15:38:04Z
QPT,QPT-Family,15139969.000000002,114830.0,528444.2,1.4471938850615322,758268.1394036006,alive,1.329050925925926,True,True,2024-02-22T00:57:04Z
QXlsx,QtExcel,11392107.0,1041906.0,1228018.1999999988,2.829954909033877,892971.0638865031,alive,12.059097222222222,True,verify,2023-12-18T07:09:30Z
qtcharts,qt,5876066.0,99610.0,488769.5999999994,1.1308830021274539,306568.9652131879,alive,1.1528935185185185,True,True,2024-02-24T03:38:22Z
quantum-core,quantum-elixir,14307841.0,1467820.0,1816517.8,4.079833183694909,1069913.8770732484,alive,16.98865740740741,True,True,2024-02-12T11:43:13Z
qpc,QuantumLeaps,20544825.0,3001.0,6496994.0,18.529613132646222,3072690.3055144097,alive,0.0347337962962963,True,True,2024-02-22T23:51:38Z
quark-engine,quark-engine,3297624.0,109017.0,710738.7999999992,1.7558930290057082,331317.1031254812,alive,1.2617708333333333,True,True,2024-02-07T04:32:50Z
quarkusio,quarkusio,1460555.0,79465.0,172889.25,0.5127649855638208,83233.6046146338,alive,0.9197337962962963,,Error,
quasar-awesome,quasarframework,13100612.0,321833.0,2026674.3999999994,6.544104281332415,1337183.3894650126,alive,3.7249189814814816,False,False,2023-11-14T09:25:04Z
questdb,questdb,2332228.0,12909.0,301995.00000000006,0.7947075387744725,137836.39756859472,alive,0.14940972222222224,True,True,2024-02-26T16:20:57Z
QuestPDF,QuestPDF,3350155.0,2095.0,636023.7999999978,1.4168173843547813,302237.5456353766,alive,0.024247685185185185,True,True,2024-02-21T11:47:07Z
quick_redis_blog,quick123official,36468374.0,410283.0,1309913.6999999995,4.6784614624046155,2636853.7389910086,alive,4.748645833333334,False,False,2023-10-27T06:01:57Z
quickblox-android-sdk,QuickBlox,20241769.0,116823.0,597899.5,2.059053689531368,944387.0640390444,alive,1.3521180555555556,True,verify,2023-12-21T13:27:33Z
quickblox-ios-sdk,QuickBlox,13218636.0,103504.0,1137747.0999999987,2.6454897227150638,903166.6425623324,alive,1.197962962962963,True,True,2024-01-31T09:14:39Z
quickblox-javascript-sdk,QuickBlox,16767028.000000002,112052.0,812357.5,2.237971008187483,927609.8915952151,alive,1.296898148148148,True,True,2024-02-26T10:34:51Z
quickemu,quickemu-project,17278602.0,807.0,312207.39999999973,1.1736263347603584,712603.3757250432,alive,0.009340277777777777,True,verify,2023-12-10T23:10:16Z
quickfix,quickfixgo,17657397.0,8774.0,2164114.9499999993,4.526876125984582,1422050.0424573142,alive,0.10155092592592592,False,False,2023-11-13T18:36:37Z
quickwit,quickwit-oss,1206404.0,60186.0,156971.69999999984,0.40205488832068886,66391.65996273299,alive,0.6965972222222222,True,True,2024-02-27T06:31:59Z
Quick,Quick,9013980.0,74273.0,691687.1999999987,1.644464517623176,479395.84655839193,alive,0.8596412037037037,True,True,2024-02-12T18:11:34Z
quill-mention,quill-mention,27473604.0,2279390.0,3992140.249999998,8.734198591820988,2658090.792240509,alive,26.381828703703704,False,False,2023-11-02T17:54:29Z
quilt,quiltdata,6045261.0,39816.0,244356.99999999994,0.5546986890468276,150822.15543594945,alive,0.4608333333333333,True,True,2024-02-26T13:49:12Z
quil,quil,39905876.0,24426.0,1249550.900000001,4.237006946215534,1989662.4814707441,alive,0.28270833333333334,True,verify,2024-01-22T04:32:42Z
qunit,qunitjs,7942413.000000001,1031687.0,1316887.5999999994,3.1967420391354526,674706.2831100349,alive,11.94082175925926,True,True,2024-02-15T21:32:53Z
quran_android,quran,5765572.0,8326.0,520416.89999999985,1.3093319301048836,370888.7630191505,alive,0.09636574074074074,True,True,2024-02-24T19:42:50Z
Qwen-VL,QwenLM,1326664.0,40417.0,293161.0,0.692029702970297,171154.98476887684,alive,0.46778935185185183,True,True,2024-01-30T05:33:57Z
qucs_s,ra3xdh,41311162.0,320399.0,445129.04999999964,1.6229822633334974,1009207.0649406031,alive,3.708321759259259,True,True,2024-02-19T17:12:33Z
empresas-que-usam-react-no-brasil,react-brasil,8397160.0,704878.0,841516.2000000002,1.9215905298665128,543733.7878887083,alive,8.158310185185185,True,verify,2023-12-05T12:10:02Z
react-querybuilder,react-querybuilder,16481185.000000002,2023.0,323941.8000000004,1.1743770341700184,650246.5038722687,alive,0.023414351851851853,True,True,2024-02-17T02:11:04Z
rxjs,ReactiveX,5860095.0,182863.0,253343.00000000017,0.5850745383266275,207008.85660524704,alive,2.1164699074074074,True,True,2024-02-26T07:50:00Z
RxSwift,ReactiveX,9071801.0,272563.0,274058.5,0.8685595771200825,363146.09509575716,alive,3.154664351851852,True,verify,2023-12-04T14:31:15Z
redux,reactjs,4470223.0,208334.0,367843.3,0.8061329938190681,203919.63605997153,alive,2.411273148148148,True,True,2024-02-12T20:48:54Z
react-router,ReactTraining,16803598.0,11897.0,223807.0,0.5494590346476456,272359.35803828214,alive,0.13769675925925925,True,True,2024-02-20T18:13:52Z
qwerty-learner-vscode,RealKai42,26027797.0,220977.0,3632105.949999999,7.056162781084656,2598527.815855134,alive,2.5576041666666667,False,False,2023-11-02T14:55:27Z
qwerty-learner,RealKai42,5359540.0,552204.0,556620.7999999993,1.4946462426393705,449430.68699443276,alive,6.39125,True,True,2024-02-24T15:08:20Z
realm-cocoa,realm,6991952.0,131534.0,148501.24999999994,0.3436887565328379,129077.12641012587,alive,1.5223842592592594,True,True,2024-02-19T13:56:13Z
SwiftLint,realm,4769388.0,12311.0,191828.0,0.47939038960423347,150400.79042989048,alive,0.14248842592592592,True,True,2024-02-24T18:29:40Z
nodemon,remy,10897506.0,656306.0,1710124.4499999997,3.60184153658946,926199.4851362535,alive,7.59613425925926,True,True,2024-02-22T20:10:11Z
go-quartz,reugn,26025780.0,625875.0,7773640.600000001,14.3822778784219,3570179.1248772396,alive,7.243923611111111,True,True,2024-02-21T08:39:46Z
oh-my-zsh,robbyrussell,4110990.0000000005,288675.0,294781.2999999999,0.7347201217299378,168343.44498950714,alive,3.3411458333333335,True,True,2024-02-23T10:25:53Z
nlw-06-discover,rocketseat-education,43967258.0,15476666.0,25241937.649999976,56.98493923611111,12650969.051730782,alive,179.1280787037037,False,False,2023-05-05T20:55:34Z
rollup,rollup,2762445.0,57706.0,258860.59999999995,0.5691085214333442,151993.9423581992,alive,0.6678935185185185,True,True,2024-02-23T10:41:00Z
ros_qtc_plugin,ros-industrial,40365746.0,1495031.0,3478922.5,6.910833945423789,2392683.1013023388,alive,17.303599537037037,True,True,2024-02-17T22:18:07Z
react-qr-code,rosskhanas,20991468.0,1603249.0,3311908.0,7.719914603019442,1771524.420033736,alive,18.556122685185183,True,True,2024-02-11T15:20:16Z
SDWebImage,rs,9256573.0,397371.0,588745.6,1.4762450738033819,446914.16354679764,alive,4.599201388888889,True,True,2024-02-24T09:38:51Z
Sortable,RubaXa,32976107.000000004,868894.0,1083441.2999999966,3.3150540692906927,1353694.3401686253,alive,10.056643518518518,True,verify,2024-01-14T00:22:55Z
grape,ruby-grape,6131224.0,107898.0,758210.7999999984,1.853448812437917,429606.1412839552,alive,1.2488194444444445,True,verify,2024-01-22T14:51:38Z
How-To-Ask-Questions-The-Smart-Way,ryanhanwu,24089287.0,2311262.0,4944562.050000004,8.892987698412698,2272563.2612502305,alive,26.750717592592594,True,verify,2023-12-05T04:25:52Z
q,ryboe,14095784.0,2584718.0,5352941.099999998,10.987840867828613,2251674.5514993104,alive,29.915717592592593,True,True,2024-02-25T18:32:49Z
hackathon-starter,sahat,38664402.0,206957.0,409727.1999999998,1.378127899000744,924359.3097291501,alive,2.3953356481481483,False,False,2023-10-29T14:30:43Z
quadsort,scandum,13746931.0,25758.0,3494578.0,6.201509756046001,1599782.2420735087,alive,0.298125,False,False,2023-11-02T20:18:35Z
qrcode,scopewu,9793788.0,1878497.0,6269309.4,15.478497185911401,2245909.311168865,alive,21.741863425925924,,Error,
scrapy,scrapy,2505753.0,7595.0,243348.79999999984,0.5505145643273897,117093.01293603338,alive,0.08790509259259259,True,True,2024-02-26T18:53:06Z
nerdtree,scrooloose,32217579.000000004,529555.0,1932356.2,4.3780793809563505,1451405.4395808142,alive,6.129108796296296,True,True,2024-02-11T12:57:41Z
Best-websites-a-programmer-should-visit,sdmg15,16137519.000000002,578929.0,834651.5999999997,2.07217823084837,795791.8029518714,alive,6.700567129629629,True,True,2024-02-25T06:19:47Z
rails_admin,sferik,7429806.0,331503.0,378335.0,0.9649614597884654,313599.0046211805,alive,3.8368402777777777,True,True,2024-02-26T08:45:48Z
seqkit,shenwei356,6746411.0,1094399.0,1539701.6999999993,3.709990288243696,702879.5818388709,alive,12.666655092592592,True,True,2024-02-24T09:35:39Z
quadpy,sigma-py,23612687.0,18190282.0,19916507.4,73.4192361111111,9843373.81846481,alive,210.5356712962963,False,False,2023-04-04T11:08:38Z
awesome,sindresorhus,5165424.0,464404.0,1306205.299999999,3.046726968215972,546405.2452717443,alive,5.375046296296296,True,True,2024-02-14T08:09:43Z
p-queue,sindresorhus,17679803.0,5108838.0,8659372.0,18.521597736625512,3423577.334960408,alive,59.130069444444445,True,verify,2023-12-14T00:18:56Z
quick-lru,sindresorhus,44862621.0,4373472.0,12600551.699999996,42.83670475589226,7259663.843432247,alive,50.61888888888889,True,verify,2023-12-02T01:26:48Z
flutter-quill,singerdmx,2741819.0,18260.0,318351.3999999998,0.6939945376482093,159086.52314120345,alive,0.21134259259259258,True,True,2024-02-17T00:48:13Z
QLScriptPublic,smallfawn,2147919.0,55977.0,228362.6999999999,0.6052935836888076,188175.22793010616,alive,0.6478819444444445,True,True,2024-02-09T08:17:44Z
quicklens,softwaremill,24378486.0,776783.0,2693029.5999999917,6.735865883874279,2246917.2444595997,alive,8.990543981481482,True,True,2024-02-27T00:12:15Z
awesome-quincy-larson-emails,sourabh-joshi,3031894.0,581234.0,1176175.3999999997,4.0035041099773245,471824.4023646764,alive,6.727245370370371,True,True,2024-02-05T06:32:05Z
qtpy,spyder-ide,14799533.0,351390.0,1314531.0000000007,2.819442845530468,947493.7004638499,alive,4.067013888888889,True,verify,2023-12-04T22:41:06Z
sqlmap,sqlmapproject,4808213.0,35025.0,254467.54999999987,0.5435242357080567,134481.87364278702,alive,0.4053819444444444,True,True,2024-02-10T14:24:28Z
okhttp,square,16752308.000000002,145219.0,336963.99999999994,0.8303343169920698,306208.01343701145,alive,1.680775462962963,True,True,2024-02-26T04:17:48Z
retrofit,square,8482537.0,96415.0,975995.2499999973,2.2888209836087277,600681.2374603031,alive,1.115914351851852,True,True,2024-02-21T23:11:39Z
react-query-tutorial,ssi02014,7269263.0,483989.0,1960071.5999999964,4.199720901690281,993165.8468777504,alive,5.601724537037037,True,True,2024-02-26T18:32:12Z
burger-queen-api-mock,ssinuco,27116197.0,5549559.0,11595707.849999974,27.65759387860082,6512168.45929058,alive,64.23100694444445,False,False,2023-08-28T18:27:21Z
Dapper,StackExchange,25212844.0,835547.0,1269397.949999997,2.951772769793603,1006339.5345862552,alive,9.67068287037037,True,True,2024-02-18T15:14:08Z
quivr,StanGirard,351034.0,20393.0,76675.24999999981,0.19226525602783992,35065.31842932264,alive,0.23603009259259258,True,True,2024-02-26T02:15:43Z
jq,stedolan,28647279.0,246599.0,861282.5499999977,2.524089406885439,1004404.8614865169,alive,2.8541550925925927,True,True,2024-02-13T15:50:58Z
Lyrical-GraphQL,StephenGrider,171995383.0,10914920.0,122297090.64999992,292.8575202546296,60190968.73740667,alive,126.33009259259259,False,False,2023-06-27T16:04:40Z
angular-interview-questions,sudheerj,20537841.0,2646618.0,3043156.5999999987,7.931464974996094,1961750.531567989,alive,30.632152777777776,True,True,2024-02-23T01:48:29Z
Rules-For-Quantumult-X,sve1r,10082302.0,743200.0,1351045.449999998,3.181430021751277,889242.3599322179,alive,8.601851851851851,True,True,2024-02-22T13:09:49Z
svgo,svg,25747264.0,205985.0,1136444.1999999979,2.9432062520012807,1208695.8571390419,alive,2.3840856481481483,True,True,2024-02-25T23:05:32Z
swagger-ui,swagger-api,4318719.0,43723.0,312216.04999999993,0.7372074147197544,230953.83552793847,alive,0.5060532407407408,True,True,2024-02-26T11:23:54Z
syncthing,syncthing,1119454.0,159256.0,202720.39999999967,0.49563022304951,84602.77187371209,alive,1.8432407407407407,True,True,2024-02-26T12:23:14Z
lab-mysql-first-queries,ta-data-lis,82269216.0,50314358.0,61704214.25,158.71648919753085,33585498.50301475,alive,582.3421064814814,False,False,2022-03-28T15:47:22Z
Security_Engineer_Interview_Questions,tadwhitaker,67547097.0,3457944.0,45493260.0,102.58894345238096,18169529.137816742,alive,40.0225,False,False,2023-11-27T22:24:51Z
quick-xml,tafia,1453894664.0,185117.0,1023892.9999999948,15.323349526211715,40588698.20470043,alive,2.1425578703703705,True,verify,2024-01-21T19:49:26Z
query,TanStack,2616405.0,48860.0,263221.85000000003,0.6383561002408659,157951.1252459289,alive,0.5655092592592592,True,True,2024-02-26T07:53:01Z
todomvc,tastejs,92262030.0,88085.0,364144.1,1.554767470300489,1811606.8444144696,alive,1.0195023148148148,True,True,2024-02-05T18:48:49Z
questions-for-employers,tBaxter,23827848.0,5557610.0,11524511.400000008,23.129704119183288,5103289.989217795,alive,64.32418981481482,True,verify,2024-01-12T14:24:18Z
tesseract,tesseract-ocr,22813918.0,6859.0,328973.14999999997,0.9680270697774478,470055.86157646397,alive,0.07938657407407407,True,True,2024-02-23T20:49:40Z
bootswatch,thomaspark,7268972.0,712790.0,845881.6,1.8847776900412974,468782.97107524594,alive,8.24988425925926,True,True,2024-02-10T03:51:42Z
questionary,tmbo,24434734.0,1381881.0,1473544.9999999942,3.3257171599169264,1306932.7417008448,alive,15.993993055555556,True,verify,2024-01-12T09:43:33Z
tmux,tmux,4321547.0,114870.0,268403.04999999993,0.587579000076719,172277.38768432545,alive,1.3295138888888889,True,True,2024-02-13T10:20:18Z
qsreplace,tomnomnom,82187479.0,42781581.0,70263915.24999997,245.61596064814816,40664051.53339248,alive,495.1571875,False,False,2022-06-23T20:13:39Z
JMComic-qt,tonquer,9679153.0,386934.0,6751969.399999999,12.818071933962264,2317701.8671684777,alive,4.478402777777778,True,True,2024-02-23T15:49:15Z
think-queue,top-think,48222209.0,10433879.0,11985063.0,29.23224702380952,6452251.130794742,alive,120.76248842592592,False,False,2023-07-03T05:42:01Z
tornado,tornadoweb,4473311.0,172925.0,489064.40000000026,1.104553849772232,255096.21426607174,alive,2.001446759259259,True,verify,2024-01-12T01:45:58Z
vim-fugitive,tpope,6396196.0,197996.0,1197661.5,2.385735585946244,564581.6363735977,alive,2.2916203703703704,True,True,2024-02-24T19:01:27Z
How-To-Ask-Questions-The-Smart-Way,tvvocold,154258970.0,49141981.0,136720275.39999998,516.5875,67585211.23334007,alive,568.7729282407407,False,False,2022-04-11T05:26:59Z
ud843-QuakeReport,udacity,182957271.0,53868559.0,182957271.0,2117.5610069444447,,alive,623.4786921296296,False,False,2022-02-15T12:30:41Z
uikit,uikit,4248659.0,113960.0,238754.59999999998,0.463328391718148,124946.93075986888,alive,1.3189814814814815,True,True,2024-02-26T11:31:29Z
react-awesome-query-builder,ukrbublik,32583845.000000004,293091.0,1385784.0,4.0257506402048655,1708980.2133540304,alive,3.3922569444444446,False,False,2023-10-28T14:35:09Z
qiankun,umijs,3898687.0000000005,1021904.0,1201801.0,3.3867319702400347,547601.5033101019,alive,11.827592592592593,True,True,2024-01-28T15:06:03Z
quick-scope,unblevable,27645714.0,7265901.0,10158966.399999999,17.67824998630287,4461004.394289547,alive,84.09607638888889,False,False,2023-08-08T21:41:39Z
zsh-quickstart-kit,unixorn,15375493.000000002,2114896.0,2705819.8999999925,5.607229384488156,1350926.6484906757,alive,24.477962962962962,True,verify,2023-12-21T16:39:18Z
qbittorrent-nox-static,userdocs,10869202.0,575671.0,1263528.7999999996,2.8768955788505206,835055.614836668,alive,6.662858796296296,True,True,2024-02-24T22:19:20Z
EasyQRCodeJS,ushelp,38785193.0,413630.0,7400023.999999988,21.862107605177993,5530013.730486993,alive,4.78738425925926,True,True,2024-02-05T16:30:00Z
QuickDraw,uvipen,69992003.0,25331320.0,63026001.19999998,144.10430439814814,26500023.38315836,alive,293.1865740740741,False,False,2023-01-11T19:31:20Z
qskinny,uwerat,3876031.0000000005,114681.0,361397.35000000003,0.9138720215680195,240921.86934561646,alive,1.3273263888888889,True,True,2024-02-26T16:58:49Z
quiver,varkor,20104230.0,617433.0,2377362.5,4.564308044281328,1642441.2851120373,alive,7.146215277777777,True,True,2024-02-13T11:18:04Z
spring-boot-quick,vector4wang,13406552.0,1240410.0,2303613.9999999995,4.847325620389001,1347324.0350766368,alive,14.356597222222222,False,False,2023-10-17T15:26:30Z
Qogir-icon-theme,vinceliuice,2849205.0,165042.0,2170678.3499999996,6.366630936097081,708575.9673426112,alive,1.9102083333333333,True,True,2024-02-21T12:42:24Z
Qogir-theme,vinceliuice,4363930.0,457835.0,1323117.2000000004,2.8799233031314575,594145.8009297556,alive,5.299016203703704,True,True,2024-02-03T11:15:14Z
QA_bible,VladislavEremeev,13897147.0,2800375.0,3424032.5999999964,6.936141655708963,1904158.1636983952,alive,32.41174768518518,True,verify,2024-01-26T11:58:59Z
awesome-ios,vsouza,6514696.0,8863.0,168644.4499999998,0.5347952419232697,209286.18344570766,alive,0.10258101851851852,True,True,2024-01-29T14:45:25Z
wekan,wekan,3508128.0,35576.0,128971.69999999963,0.285096327609862,95034.46178302926,alive,0.41175925925925927,True,True,2024-02-23T20:18:24Z
paper-qa,whitead,2732834.0,29168.0,560515.6499999997,1.5617184808354867,300541.19968684827,alive,0.3375925925925926,True,True,2024-02-22T17:08:41Z
qinglong,whyour,1642960.0,147344.0,231903.99999999997,0.5746747407961854,112887.2912181867,alive,1.7053703703703704,True,True,2024-02-25T07:27:48Z
Express-Quests,WildCodeSchool,39597975.0,33991.0,33774248.249999985,117.81730902777778,19614917.9295904,alive,0.39341435185185186,False,False,2023-10-31T14:33:29Z
quickstart,wildfly,7195910.0,438257.0,662406.7999999983,1.6222649887776586,464568.4526908946,alive,5.072418981481482,True,True,2024-02-22T19:55:25Z
awesome-quant,wilsonfreitas,22987279.0,572977.0,3019903.9,7.694401955806982,1748460.2482858503,alive,6.631678240740741,True,True,2024-02-27T00:00:28Z
QP-Gallery-Releases,WSTxda,16564755.000000002,204728.0,4415365.25,10.612105683269476,2083817.9375909632,alive,2.369537037037037,True,True,2024-02-18T23:58:51Z
QtExamples,XMuli,9273072.0,1171360.0,4692478.849999995,7.936382679880401,1629470.0392338783,alive,13.557407407407407,True,verify,2024-01-24T18:22:34Z
PHP-Source-Query,xPaw,27192007.0,3166283.0,14905084.999999989,23.271219007201644,5013450.628892713,alive,36.64679398148148,False,False,2023-09-25T08:28:37Z
XX-Net,XX-net,17435082.0,237443.0,423442.3999999998,1.253497903188456,541803.982598043,alive,2.7481828703703703,True,True,2024-02-25T00:14:56Z
python_interview_questions,yakimka,25053756.0,21774966.0,23788648.2,58.10027584876543,9038338.648783937,alive,252.02506944444445,True,True,2024-02-21T01:51:23Z
interview-questions,YauhenKavalchuk,9082083.0,1497604.0,1610792.6999999944,4.161789050822122,1149956.5342764885,alive,17.33337962962963,True,True,2024-02-22T11:06:33Z
quiz,yegor256,129080442.00000001,23314771.0,120152065.55,365.4460763888889,53059893.47361001,alive,269.84688657407406,False,False,2023-02-04T03:40:29Z
local-ai-stack,ykhli,4557437.0,10152.0,181543.55000000042,0.9981603093129361,515872.11036606506,alive,0.1175,True,verify,2023-11-29T18:14:13Z
QIIME2ChineseManual,YongxinLiu,35883503.0,8155916.0,18828766.34999997,43.1469087009804,8005197.716416735,alive,94.39717592592592,False,False,2023-07-29T14:28:04Z
QuantumultX,yqc007,4078523.0000000005,141741.0,558171.6999999989,1.4289379420020414,365620.7441137176,alive,1.6405208333333334,True,verify,2023-12-22T06:54:57Z
quadrotor,yrlu,78648439.0,41790982.0,55412827.49999998,85.65861479377105,20548736.10848437,alive,483.6919212962963,False,False,2022-07-05T07:23:38Z
hyper,zeit,4439930.0,59456.0,374239.6999999993,0.6948783370812431,190642.5596078551,alive,0.6881481481481482,True,True,2024-02-20T07:04:53Z
go-queue,zeromicro,14063486.0,1852096.0,4997905.299999998,15.123346913580248,2495917.8376130946,alive,21.436296296296295,False,False,2023-10-10T13:31:44Z
q,zestyping,52270700.0,13862721.0,15633623.0,32.33654458534621,8769995.806709228,alive,160.44815972222221,True,verify,2023-12-18T23:10:02Z
PyQt-Fluent-Widgets,zhiyiYo,13622388.0,298458.0,328967.8499999994,1.7767733886483885,836074.7155538362,alive,3.454375,True,True,2024-02-21T09:48:13Z
qrcode,zpao,31729003.000000004,243718.0,10223207.499999998,14.949914154846335,3856683.863348771,alive,2.8208101851851852,,Error,
rule_for_quantumultX,zqzess,606525.0,167234.0,604634.35,1.1671134823250158,175409.70869297272,alive,1.9355787037037038,True,True,2024-02-26T01:31:20Z
zxing,zxing,5990254.0,118115.0,606347.3999999999,1.559213067817351,371609.03334206814,alive,1.3670717592592592,True,True,2024-02-26T13:38:04Z
